{
  "sounds": {
    "block.end_portal.spawn": "entity.lightning.thunder",
    "block.note.bell": "block.note.harp",
    "block.note.chime": "block.note.harp",
    "block.note.flute": "block.note.harp",
    "block.note.guitar": "block.note.harp",
    "block.note.xylophone": "block.note.harp",
    "entity.illusion_illager.ambient": "entity.evocation_illager.ambient",
    "entity.illusion_illager.cast_spell": "entity.evocation_illager.cast_spell",
    "entity.illusion_illager.death": "entity.evocation_illager.death",
    "entity.illusion_illager.hurt": "entity.evocation_illager.hurt",
    "entity.illusion_illager.mirror_move": "entity.endermen.teleport",
    "entity.illusion_illager.prepare_blindness": "entity.evocation_illager.prepare_summon",
    "entity.illusion_illager.prepare_mirror": "entity.evocation_illager.prepare_attack",
    "entity.parrot.ambient": "entity.bat.ambient",
    "entity.parrot.death": "entity.bat.death",
    "entity.parrot.eat": "entity.generic.eat",
    "entity.parrot.fly": "entity.bat.loop",
    "entity.parrot.hurt": "entity.bat.hurt",
    "entity.parrot.imitate.blaze": "entity.blaze.ambient",
    "entity.parrot.imitate.creeper": "entity.creeper.primed",
    "entity.parrot.imitate.elder_guardian": "entity.elder_guardian.ambient",
    "entity.parrot.imitate.enderdragon": "entity.enderdragon.ambient",
    "entity.parrot.imitate.enderman": "entity.endermen.ambient",
    "entity.parrot.imitate.endermite": "entity.endermite.ambient",
    "entity.parrot.imitate.evocation_illager": "entity.evocation_illager.ambient",
    "entity.parrot.imitate.ghast": "entity.ghast.ambient",
    "entity.parrot.imitate.husk": "entity.husk.ambient",
    "entity.parrot.imitate.illusion_illager": "entity.evocation_illager.ambient",
    "entity.parrot.imitate.magmacube": "entity.magmacube.squish",
    "entity.parrot.imitate.polar_bear": "entity.polar_bear.ambient",
    "entity.parrot.imitate.shulker": "entity.shulker.ambient",
    "entity.parrot.imitate.silverfish": "entity.silverfish.ambient",
    "entity.parrot.imitate.skeleton": "entity.skeleton.ambient",
    "entity.parrot.imitate.slime": "entity.slime.squish",
    "entity.parrot.imitate.spider": "entity.spider.ambient",
    "entity.parrot.imitate.stray": "entity.stray.ambient",
    "entity.parrot.imitate.vex": "entity.vex.ambient",
    "entity.parrot.imitate.vindication_illager": "entity.vindication_illager.ambient",
    "entity.parrot.imitate.witch": "entity.witch.ambient",
    "entity.parrot.imitate.wither": "entity.wither.ambient",
    "entity.parrot.imitate.wither_skeleton": "entity.wither_skeleton.ambient",
    "entity.parrot.imitate.wolf": "entity.wolf.ambient",
    "entity.parrot.imitate.zombie": "entity.zombie.ambient",
    "entity.parrot.imitate.zombie_pigman": "entity.zombie_pig.ambient",
    "entity.parrot.imitate.zombie_villager": "entity.zombie_villager.ambient",
    "entity.parrot.step": "entity.chicken.step",
    "entity.player.hurt_drown": "entity.player.hurt",
    "entity.player.hurt_on_fire": "entity.player.hurt"
  }
}