{
  "blockstates": {
    "minecraft:lantern[hanging=true,waterlogged=true]": "minecraft:lantern[hanging=true]",
    "minecraft:lantern[hanging=true,waterlogged=false]": "minecraft:lantern[hanging=true]",
    "minecraft:lantern[hanging=false,waterlogged=true]": "minecraft:lantern[hanging=false]",
    "minecraft:lantern[hanging=false,waterlogged=false]": "minecraft:lantern[hanging=false]",
    "minecraft:soul_lantern[hanging=true,waterlogged=true]": "minecraft:soul_lantern[hanging=true]",
    "minecraft:soul_lantern[hanging=true,waterlogged=false]": "minecraft:soul_lantern[hanging=true]",
    "minecraft:soul_lantern[hanging=false,waterlogged=true]": "minecraft:soul_lantern[hanging=false]",
    "minecraft:soul_lantern[hanging=false,waterlogged=false]": "minecraft:soul_lantern[hanging=false]",
    "minecraft:chain[axis=x,waterlogged=true]": "minecraft:chain[waterlogged=true]",
    "minecraft:chain[axis=x,waterlogged=false]": "minecraft:chain[waterlogged=false]",
    "minecraft:chain[axis=y,waterlogged=true]": "minecraft:chain[waterlogged=true]",
    "minecraft:chain[axis=y,waterlogged=false]": "minecraft:chain[waterlogged=false]",
    "minecraft:chain[axis=z,waterlogged=true]": "minecraft:chain[waterlogged=true]",
    "minecraft:chain[axis=z,waterlogged=false]": "minecraft:chain[waterlogged=false]"
  },
  "items": {
    "minecraft:piglin_brute_spawn_egg": {
      "id": "minecraft:piglin_spawn_egg",
      "name": "1.16.2 Piglin Brute Spawn Egg"
    }
  },
  "sounds": {
    "entity.parrot.imitate.piglin_brute": "entity.parrot.imitate.piglin",
    "entity.piglin_brute.ambient": "entity.piglin.ambient",
    "entity.piglin_brute.angry": "entity.piglin.angry",
    "entity.piglin_brute.death": "entity.piglin.death",
    "entity.piglin_brute.hurt": "entity.piglin.hurt",
    "entity.piglin_brute.step": "entity.piglin.step",
    "entity.piglin_brute.converted_to_zombified": "entity.piglin.converted_to_zombified"
  }
}