{
  "blockstates": {
    "minecraft:bell[attachment=floor,facing=north,powered=true]": "minecraft:bell[attachment=floor,facing=north]",
    "minecraft:bell[attachment=floor,facing=north,powered=false]": "minecraft:bell[attachment=floor,facing=north]",
    "minecraft:bell[attachment=floor,facing=south,powered=true]": "minecraft:bell[attachment=floor,facing=south]",
    "minecraft:bell[attachment=floor,facing=south,powered=false]": "minecraft:bell[attachment=floor,facing=south]",
    "minecraft:bell[attachment=floor,facing=west,powered=true]": "minecraft:bell[attachment=floor,facing=west]",
    "minecraft:bell[attachment=floor,facing=west,powered=false]": "minecraft:bell[attachment=floor,facing=west]",
    "minecraft:bell[attachment=floor,facing=east,powered=true]": "minecraft:bell[attachment=floor,facing=east]",
    "minecraft:bell[attachment=floor,facing=east,powered=false]": "minecraft:bell[attachment=floor,facing=east]",
    "minecraft:bell[attachment=ceiling,facing=north,powered=true]": "minecraft:bell[attachment=ceiling,facing=north]",
    "minecraft:bell[attachment=ceiling,facing=north,powered=false]": "minecraft:bell[attachment=ceiling,facing=north]",
    "minecraft:bell[attachment=ceiling,facing=south,powered=true]": "minecraft:bell[attachment=ceiling,facing=south]",
    "minecraft:bell[attachment=ceiling,facing=south,powered=false]": "minecraft:bell[attachment=ceiling,facing=south]",
    "minecraft:bell[attachment=ceiling,facing=west,powered=true]": "minecraft:bell[attachment=ceiling,facing=west]",
    "minecraft:bell[attachment=ceiling,facing=west,powered=false]": "minecraft:bell[attachment=ceiling,facing=west]",
    "minecraft:bell[attachment=ceiling,facing=east,powered=true]": "minecraft:bell[attachment=ceiling,facing=east]",
    "minecraft:bell[attachment=ceiling,facing=east,powered=false]": "minecraft:bell[attachment=ceiling,facing=east]",
    "minecraft:bell[attachment=single_wall,facing=north,powered=true]": "minecraft:bell[attachment=single_wall,facing=north]",
    "minecraft:bell[attachment=single_wall,facing=north,powered=false]": "minecraft:bell[attachment=single_wall,facing=north]",
    "minecraft:bell[attachment=single_wall,facing=south,powered=true]": "minecraft:bell[attachment=single_wall,facing=south]",
    "minecraft:bell[attachment=single_wall,facing=south,powered=false]": "minecraft:bell[attachment=single_wall,facing=south]",
    "minecraft:bell[attachment=single_wall,facing=west,powered=true]": "minecraft:bell[attachment=single_wall,facing=west]",
    "minecraft:bell[attachment=single_wall,facing=west,powered=false]": "minecraft:bell[attachment=single_wall,facing=west]",
    "minecraft:bell[attachment=single_wall,facing=east,powered=true]": "minecraft:bell[attachment=single_wall,facing=east]",
    "minecraft:bell[attachment=single_wall,facing=east,powered=false]": "minecraft:bell[attachment=single_wall,facing=east]",
    "minecraft:bell[attachment=double_wall,facing=north,powered=true]": "minecraft:bell[attachment=double_wall,facing=north]",
    "minecraft:bell[attachment=double_wall,facing=north,powered=false]": "minecraft:bell[attachment=double_wall,facing=north]",
    "minecraft:bell[attachment=double_wall,facing=south,powered=true]": "minecraft:bell[attachment=double_wall,facing=south]",
    "minecraft:bell[attachment=double_wall,facing=south,powered=false]": "minecraft:bell[attachment=double_wall,facing=south]",
    "minecraft:bell[attachment=double_wall,facing=west,powered=true]": "minecraft:bell[attachment=double_wall,facing=west]",
    "minecraft:bell[attachment=double_wall,facing=west,powered=false]": "minecraft:bell[attachment=double_wall,facing=west]",
    "minecraft:bell[attachment=double_wall,facing=east,powered=true]": "minecraft:bell[attachment=double_wall,facing=east]",
    "minecraft:bell[attachment=double_wall,facing=east,powered=false]": "minecraft:bell[attachment=double_wall,facing=east]",
    "minecraft:honey_block": "minecraft:slime_block",
    "minecraft:honeycomb_block": "minecraft:horn_coral_block",
    "minecraft:beehive": "minecraft:barrel[facing=up,open=false]",
    "minecraft:bee_nest": "minecraft:yellow_shulker_box[facing=up]"
  },
  "items": {
    "minecraft:honey_bottle": {
      "id": "minecraft:dragon_breath",
      "name": "1.15 Honey Bottle"
    },
    "minecraft:honeycomb": {
      "id": "minecraft:sunflower",
      "name": "1.15 Honeycomb"
    },
    "minecraft:honeycomb_block": {
      "id": "minecraft:horn_coral_block",
      "name": "1.15 Honeycomb Block"
    },
    "minecraft:bee_nest": {
      "id": "minecraft:yellow_shulker_box",
      "name": "1.15 Bee Nest"
    },
    "minecraft:beehive": {
      "id": "minecraft:barrel",
      "name": "1.15 Beehive"
    },
    "minecraft:honey_block": {
      "id": "minecraft:slime_block",
      "name": "1.15 Honey Block"
    },
    "minecraft:bee_spawn_egg": {
      "id": "minecraft:ocelot_spawn_egg",
      "name": "1.15 Bee Spawn Egg"
    }
  },
  "sounds": {
    "entity.bee.death": "entity.creeper.death",
    "entity.bee.hurt": "entity.bat.hurt",
    "entity.bee.loop_aggressive": "entity.enderman.scream",
    "entity.bee.loop": "entity.parrot.fly",
    "entity.bee.sting": "entity.phantom.bite",
    "entity.bee.pollinate": "entity.parrot.fly",
    "block.beehive.drip": "entity.slime.squish",
    "block.beehive.enter": "entity.slime.death",
    "block.beehive.exit": "entity.slime.death_small",
    "block.beehive.shear": "block.wool.hit",
    "block.beehive.work": "entity.parrot.fly",
    "block.honey_block.break": "block.slime_block.break",
    "block.honey_block.fall": "block.slime_block.fall",
    "block.honey_block.hit": "block.slime_block.hit",
    "block.honey_block.place": "block.slime_block.place",
    "block.honey_block.slide": "block.slime_block.fall",
    "block.honey_block.step": "block.slime_block.step",
    "item.honey_bottle.drink": "entity.generic.drink",
    "entity.iron_golem.damage": "entity.item.break",
    "entity.iron_golem.repair": "entity.iron_golem.step"
  },
  "particles": {
    "dripping_honey": "dripping_lava",
    "falling_honey": "falling_lava",
    "landing_honey": "landing_lava",
    "falling_nectar": "falling_water"
  }
}