{
  "mappings": {
    "com/konasclient/konas/client/mixin/mixins/MixinBlockLiquid": {
      "getCollisionBoundingBox": "Lnet/minecraft/block/BlockLiquid;func_180646_a(Lnet/minecraft/block/state/IBlockState;Lnet/minecraft/world/IBlockAccess;Lnet/minecraft/util/math/BlockPos;)Lnet/minecraft/util/math/AxisAlignedBB;",
      "modifyAcceleration": "Lnet/minecraft/block/BlockLiquid;func_176197_a(Lnet/minecraft/world/World;Lnet/minecraft/util/math/BlockPos;Lnet/minecraft/entity/Entity;Lnet/minecraft/util/math/Vec3d;)Lnet/minecraft/util/math/Vec3d;",
      "canCollideCheck": "Lnet/minecraft/block/BlockLiquid;func_176209_a(Lnet/minecraft/block/state/IBlockState;Z)Z"
    },
    "com/konasclient/konas/client/mixin/mixins/MixinEntity": {
      "getCollisionBorderSize": "Lnet/minecraft/entity/Entity;func_70111_Y()F",
      "move": "Lnet/minecraft/entity/Entity;func_70091_d(Lnet/minecraft/entity/MoverType;DDD)V",
      "turn": "Lnet/minecraft/entity/Entity;func_70082_c(FF)V",
      "Lnet/minecraft/entity/Entity;isSneaking()Z": "Lnet/minecraft/entity/Entity;func_70093_af()Z",
      "addVelocity": "Lnet/minecraft/entity/Entity;func_70024_g(DDD)V",
      "Lnet/minecraft/entity/Entity;onGround:Z": "Lnet/minecraft/entity/Entity;field_70122_E:Z"
    },
    "com/konasclient/konas/client/mixin/mixins/AccessorCPacketUpdateSign": {
      "lines": "field_149590_d:[Ljava/lang/String;"
    },
    "com/konasclient/konas/client/mixin/mixins/AccessorCPacketChatMessage": {
      "message": "field_149440_a:Ljava/lang/String;"
    },
    "com/konasclient/konas/client/mixin/mixins/AccessorSPacketPosLook": {
      "pitch": "field_148937_e:F",
      "yaw": "field_148936_d:F"
    },
    "com/konasclient/konas/client/mixin/mixins/IMixinRenderGlobal": {
      "damagedBlocks": "field_72738_E:Ljava/util/Map;"
    },
    "com/konasclient/konas/client/mixin/mixins/AccessorGuiScreen": {
      "buttonList": "field_146292_n:Ljava/util/List;"
    },
    "com/konasclient/konas/client/mixin/mixins/MixinBlockPortal": {
      "randomDisplayTick": "Lnet/minecraft/block/BlockPortal;func_180655_c(Lnet/minecraft/block/state/IBlockState;Lnet/minecraft/world/World;Lnet/minecraft/util/math/BlockPos;Ljava/util/Random;)V",
      "Lnet/minecraft/world/World;spawnParticle(Lnet/minecraft/util/EnumParticleTypes;DDDDDD[I)V": "Lnet/minecraft/world/World;func_175688_a(Lnet/minecraft/util/EnumParticleTypes;DDDDDD[I)V",
      "Lnet/minecraft/world/World;playSound(DDDLnet/minecraft/util/SoundEvent;Lnet/minecraft/util/SoundCategory;FFZ)V": "Lnet/minecraft/world/World;func_184134_a(DDDLnet/minecraft/util/SoundEvent;Lnet/minecraft/util/SoundCategory;FFZ)V",
      "getBoundingBox": "Lnet/minecraft/block/BlockPortal;func_185496_a(Lnet/minecraft/block/state/IBlockState;Lnet/minecraft/world/IBlockAccess;Lnet/minecraft/util/math/BlockPos;)Lnet/minecraft/util/math/AxisAlignedBB;"
    },
    "com/konasclient/konas/client/mixin/mixins/MixinNetworkManager": {
      "sendPacket(Lnet/minecraft/network/Packet;)V": "Lnet/minecraft/network/NetworkManager;func_179290_a(Lnet/minecraft/network/Packet;)V",
      "handleDisconnection": "Lnet/minecraft/network/NetworkManager;func_179293_l()V",
      "setCompressionThreshold": "Lnet/minecraft/network/NetworkManager;func_179289_a(I)V",
      "exceptionCaught": "Lnet/minecraft/network/NetworkManager;exceptionCaught(Lio/netty/channel/ChannelHandlerContext;Ljava/lang/Throwable;)V",
      "channelRead0": "Lnet/minecraft/network/NetworkManager;channelRead0(Lio/netty/channel/ChannelHandlerContext;Lnet/minecraft/network/Packet;)V"
    },
    "com/konasclient/konas/client/mixin/mixins/MixinTileEntityEnchantmentTableRenderer": {
      "render": "Lnet/minecraft/client/renderer/tileentity/TileEntityEnchantmentTableRenderer;func_192841_a(Lnet/minecraft/tileentity/TileEntityEnchantmentTable;DDDFIF)V"
    },
    "com/konasclient/konas/client/mixin/mixins/MixinBlockStateContainerStateImplementation": {
      "addCollisionBoxToList": "Lnet/minecraft/block/state/BlockStateContainer$StateImplementation;func_185908_a(Lnet/minecraft/world/World;Lnet/minecraft/util/math/BlockPos;Lnet/minecraft/util/math/AxisAlignedBB;Ljava/util/List;Lnet/minecraft/entity/Entity;Z)V"
    },
    "com/konasclient/konas/client/mixin/mixins/MixinLayerCape": {
      "doRenderLayer": "Lnet/minecraft/client/renderer/entity/layers/LayerCape;func_177141_a(Lnet/minecraft/client/entity/AbstractClientPlayer;FFFFFFF)V",
      "Lnet/minecraft/client/renderer/entity/RenderPlayer;bindTexture(Lnet/minecraft/util/ResourceLocation;)V": "Lnet/minecraft/client/renderer/entity/RenderPlayer;func_110776_a(Lnet/minecraft/util/ResourceLocation;)V"
    },
    "com/konasclient/konas/client/mixin/mixins/AccessorRenderManager": {
      "renderPosX": "field_78725_b:D",
      "renderPosY": "field_78726_c:D",
      "renderPosZ": "field_78723_d:D"
    },
    "com/konasclient/konas/client/mixin/mixins/MixinGuiIngame": {
      "renderPotionEffects": "Lnet/minecraft/client/gui/GuiIngame;func_184048_a(Lnet/minecraft/client/gui/ScaledResolution;)V",
      "renderGameOverlay": "Lnet/minecraft/client/gui/GuiIngame;func_175180_a(F)V",
      "renderAttackIndicator": "Lnet/minecraft/client/gui/GuiIngame;func_184045_a(FLnet/minecraft/client/gui/ScaledResolution;)V",
      "Lnet/minecraft/client/Minecraft;player:Lnet/minecraft/client/entity/EntityPlayerSP;": "Lnet/minecraft/client/Minecraft;field_71439_g:Lnet/minecraft/client/entity/EntityPlayerSP;"
    },
    "com/konasclient/konas/client/mixin/mixins/MixinNetworkPlayerInfo": {
      "getLocationSkin": "Lnet/minecraft/client/network/NetworkPlayerInfo;func_178837_g()Lnet/minecraft/util/ResourceLocation;"
    },
    "com/konasclient/konas/client/mixin/mixins/MixinNetworkManagerChInit": {
      "net.minecraft.network.NetworkManager$5": "net/minecraft/network/NetworkManager$5"
    },
    "com/konasclient/konas/client/mixin/mixins/AccessorSPacketEntityMetadata": {
      "entityId": "field_149379_a:I"
    },
    "com/konasclient/konas/client/mixin/mixins/MixinTileEntitySignRenderer": {
      "render": "Lnet/minecraft/client/renderer/tileentity/TileEntitySignRenderer;func_192841_a(Lnet/minecraft/tileentity/TileEntitySign;DDDFIF)V"
    },
    "com/konasclient/konas/client/mixin/mixins/MixinVisGraph": {
      "setOpaqueCube": "Lnet/minecraft/client/renderer/chunk/VisGraph;func_178606_a(Lnet/minecraft/util/math/BlockPos;)V"
    },
    "com/konasclient/konas/client/mixin/mixins/AccessorEntityPlayerSP": {
      "lastReportedPitch": "field_175165_bM:F",
      "horseJumpPower": "field_110321_bQ:F",
      "autoJumpEnabled": "field_189811_cr:Z",
      "positionUpdateTicks": "field_175168_bP:I",
      "serverSneakState": "field_175170_bN:Z",
      "serverSprintState": "field_175171_bO:Z",
      "prevOnGround": "field_184841_cd:Z",
      "lastReportedPosY": "field_175166_bJ:D",
      "lastReportedPosZ": "field_175167_bK:D",
      "onUpdateWalkingPlayer": "func_175161_p()V",
      "lastReportedPosX": "field_175172_bI:D",
      "lastReportedYaw": "field_175164_bL:F"
    },
    "com/konasclient/konas/client/mixin/mixins/MixinC00Handshake": {
      "writePacketData": "Lnet/minecraft/network/handshake/client/C00Handshake;func_148840_b(Lnet/minecraft/network/PacketBuffer;)V"
    },
    "com/konasclient/konas/client/mixin/mixins/AccessorGuiTextField": {
      "maxStringLength": "field_146217_k:I",
      "fontRenderer": "field_146211_a:Lnet/minecraft/client/gui/FontRenderer;"
    },
    "com/konasclient/konas/client/mixin/mixins/MixinBlock": {
      "addCollisionBoxToList(Lnet/minecraft/block/state/IBlockState;Lnet/minecraft/world/World;Lnet/minecraft/util/math/BlockPos;Lnet/minecraft/util/math/AxisAlignedBB;Ljava/util/List;Lnet/minecraft/entity/Entity;Z)V": "Lnet/minecraft/block/Block;func_185477_a(Lnet/minecraft/block/state/IBlockState;Lnet/minecraft/world/World;Lnet/minecraft/util/math/BlockPos;Lnet/minecraft/util/math/AxisAlignedBB;Ljava/util/List;Lnet/minecraft/entity/Entity;Z)V"
    },
    "com/konasclient/konas/client/mixin/mixins/AccessorCPacketPlayer": {
      "onGround": "field_149474_g:Z",
      "x": "field_149479_a:D",
      "y": "field_149477_b:D",
      "z": "field_149478_c:D",
      "pitch": "field_149473_f:F",
      "moving": "field_149480_h:Z",
      "yaw": "field_149476_e:F"
    },
    "com/konasclient/konas/client/mixin/mixins/MixinKeyBinding": {
      "pressed": "field_74513_e:Z",
      "isKeyDown": "Lnet/minecraft/client/settings/KeyBinding;func_151470_d()Z"
    },
    "com/konasclient/konas/client/mixin/mixins/MixinTileEntitySkullRenderer": {
      "render": "Lnet/minecraft/client/renderer/tileentity/TileEntityChestRenderer;func_192841_a(Lnet/minecraft/tileentity/TileEntityChest;DDDFIF)V"
    },
    "com/konasclient/konas/client/mixin/mixins/MixinGuiChat": {
      "mouseClicked": "Lnet/minecraft/client/gui/GuiChat;func_73864_a(III)V",
      "drawScreen": "Lnet/minecraft/client/gui/GuiChat;func_73863_a(IIF)V",
      "keyTyped": "Lnet/minecraft/client/gui/GuiChat;func_73869_a(CI)V"
    },
    "com/konasclient/konas/client/mixin/mixins/AccessorInventoryPlayer": {
      "allInventories": "field_184440_g:Ljava/util/List;",
      "mainInventory": "field_70462_a:Lnet/minecraft/util/NonNullList;",
      "armorInventory": "field_70460_b:Lnet/minecraft/util/NonNullList;"
    },
    "com/konasclient/konas/client/mixin/mixins/MixinRenderGlobal": {
      "setupTerrain": "Lnet/minecraft/client/renderer/RenderGlobal;func_174970_a(Lnet/minecraft/entity/Entity;DLnet/minecraft/client/renderer/culling/ICamera;IZ)V",
      "renderSky(FI)V": "Lnet/minecraft/client/renderer/RenderGlobal;func_174976_a(FI)V",
      "Lnet/minecraft/client/multiplayer/WorldClient;getSkyColor(Lnet/minecraft/entity/Entity;F)Lnet/minecraft/util/math/Vec3d;": "Lnet/minecraft/client/multiplayer/WorldClient;func_72833_a(Lnet/minecraft/entity/Entity;F)Lnet/minecraft/util/math/Vec3d;"
    },
    "com/konasclient/konas/client/mixin/mixins/AccessorGuiIngame": {
      "renderHotbar": "func_180479_a(Lnet/minecraft/client/gui/ScaledResolution;F)V",
      "spectatorGui": "field_175197_u:Lnet/minecraft/client/gui/GuiSpectator;"
    },
    "com/konasclient/konas/client/mixin/mixins/AccessorSPacketExplosion": {
      "motionZ": "field_149159_h:F",
      "motionY": "field_149153_g:F",
      "motionX": "field_149152_f:F"
    },
    "com/konasclient/konas/client/mixin/mixins/MixinGuiPlayerTabOverlay": {
      "drawPing": "Lnet/minecraft/client/gui/GuiPlayerTabOverlay;func_175245_a(IIILnet/minecraft/client/network/NetworkPlayerInfo;)V",
      "renderPlayerlist": "Lnet/minecraft/client/gui/GuiPlayerTabOverlay;func_175249_a(ILnet/minecraft/scoreboard/Scoreboard;Lnet/minecraft/scoreboard/ScoreObjective;)V",
      "getPlayerName": "Lnet/minecraft/client/gui/GuiPlayerTabOverlay;func_175243_a(Lnet/minecraft/client/network/NetworkPlayerInfo;)Ljava/lang/String;"
    },
    "com/konasclient/konas/client/mixin/mixins/MixinGuiConnecting": {
      "connect": "Lnet/minecraft/client/multiplayer/GuiConnecting;func_146367_a(Ljava/lang/String;I)V"
    },
    "com/konasclient/konas/client/mixin/mixins/MixinLayerArmorBase": {
      "Lnet/minecraft/client/renderer/GlStateManager;color(FFFF)V": "Lnet/minecraft/client/renderer/GlStateManager;func_179131_c(FFFF)V",
      "renderEnchantedGlint": "Lnet/minecraft/client/renderer/entity/layers/LayerArmorBase;func_188364_a(Lnet/minecraft/client/renderer/entity/RenderLivingBase;Lnet/minecraft/entity/EntityLivingBase;Lnet/minecraft/client/model/ModelBase;FFFFFFF)V",
      "renderArmorLayer": "Lnet/minecraft/client/renderer/entity/layers/LayerArmorBase;func_188361_a(Lnet/minecraft/entity/EntityLivingBase;FFFFFFFLnet/minecraft/inventory/EntityEquipmentSlot;)V"
    },
    "com/konasclient/konas/client/mixin/mixins/MixinChunkRenderContainer": {
      "preRenderChunk": "Lnet/minecraft/client/renderer/ChunkRenderContainer;func_178003_a(Lnet/minecraft/client/renderer/chunk/RenderChunk;)V"
    },
    "com/konasclient/konas/client/mixin/mixins/MixinEntityPlayerSP": {
      "move": "Lnet/minecraft/client/entity/EntityPlayerSP;func_70091_d(Lnet/minecraft/entity/MoverType;DDD)V",
      "setActiveHand": "Lnet/minecraft/client/entity/EntityPlayerSP;func_184598_c(Lnet/minecraft/util/EnumHand;)V",
      "closeScreen": "Lnet/minecraft/client/entity/EntityPlayerSP;func_71053_j()V",
      "Lnet/minecraft/client/entity/AbstractClientPlayer;move(Lnet/minecraft/entity/MoverType;DDD)V": "Lnet/minecraft/client/entity/AbstractClientPlayer;func_70091_d(Lnet/minecraft/entity/MoverType;DDD)V",
      "dismountRidingEntity": "Lnet/minecraft/client/entity/EntityPlayerSP;func_184210_p()V",
      "swingArm": "Lnet/minecraft/client/entity/EntityPlayerSP;func_184609_a(Lnet/minecraft/util/EnumHand;)V",
      "displayGUIChest": "Lnet/minecraft/client/entity/EntityPlayerSP;func_71007_a(Lnet/minecraft/inventory/IInventory;)V",
      "sendChatMessage": "Lnet/minecraft/client/entity/EntityPlayerSP;func_71165_d(Ljava/lang/String;)V",
      "Lnet/minecraft/client/entity/AbstractClientPlayer;onUpdate()V": "Lnet/minecraft/client/entity/AbstractClientPlayer;func_70071_h_()V",
      "pushOutOfBlocks": "Lnet/minecraft/client/entity/EntityPlayerSP;func_145771_j(DDD)Z",
      "Lnet/minecraft/client/entity/AbstractClientPlayer;setActiveHand(Lnet/minecraft/util/EnumHand;)V": "Lnet/minecraft/client/entity/AbstractClientPlayer;func_184598_c(Lnet/minecraft/util/EnumHand;)V",
      "updateEntityActionState": "Lnet/minecraft/client/entity/EntityPlayerSP;func_70626_be()V",
      "onUpdateWalkingPlayer": "Lnet/minecraft/client/entity/EntityPlayerSP;func_175161_p()V",
      "Lnet/minecraft/client/entity/EntityPlayerSP;isCurrentViewEntity()Z": "Lnet/minecraft/client/entity/EntityPlayerSP;func_175160_A()Z",
      "onUpdate": "Lnet/minecraft/client/entity/EntityPlayerSP;func_70071_h_()V"
    },
    "com/konasclient/konas/client/mixin/mixins/MixinBufferBuilder": {
      "isDrawing": "field_179010_r:Z"
    },
    "com/konasclient/konas/client/mixin/mixins/MixinRenderChunk": {
      "setPosition": "Lnet/minecraft/client/renderer/chunk/RenderChunk;func_189562_a(III)V"
    },
    "com/konasclient/konas/client/mixin/mixins/MixinPlayerControllerMP": {
      "resetBlockRemoving": "Lnet/minecraft/client/multiplayer/PlayerControllerMP;func_78767_c()V",
      "clickBlock": "Lnet/minecraft/client/multiplayer/PlayerControllerMP;func_180511_b(Lnet/minecraft/util/math/BlockPos;Lnet/minecraft/util/EnumFacing;)Z",
      "onPlayerDamageBlock(Lnet/minecraft/util/math/BlockPos;Lnet/minecraft/util/EnumFacing;)Z": "Lnet/minecraft/client/multiplayer/PlayerControllerMP;func_180512_c(Lnet/minecraft/util/math/BlockPos;Lnet/minecraft/util/EnumFacing;)Z",
      "processRightClickBlock": "Lnet/minecraft/client/multiplayer/PlayerControllerMP;func_187099_a(Lnet/minecraft/client/entity/EntityPlayerSP;Lnet/minecraft/client/multiplayer/WorldClient;Lnet/minecraft/util/math/BlockPos;Lnet/minecraft/util/EnumFacing;Lnet/minecraft/util/math/Vec3d;Lnet/minecraft/util/EnumHand;)Lnet/minecraft/util/EnumActionResult;",
      "onStoppedUsingItem": "Lnet/minecraft/client/multiplayer/PlayerControllerMP;func_78766_c(Lnet/minecraft/entity/player/EntityPlayer;)V"
    },
    "com/konasclient/konas/client/mixin/mixins/MixinBlockEnchantmentTable": {
      "randomDisplayTick": "Lnet/minecraft/block/BlockEnchantmentTable;func_180655_c(Lnet/minecraft/block/state/IBlockState;Lnet/minecraft/world/World;Lnet/minecraft/util/math/BlockPos;Ljava/util/Random;)V",
      "Lnet/minecraft/world/World;spawnParticle(Lnet/minecraft/util/EnumParticleTypes;DDDDDD[I)V": "Lnet/minecraft/world/World;func_175688_a(Lnet/minecraft/util/EnumParticleTypes;DDDDDD[I)V"
    },
    "com/konasclient/konas/client/mixin/mixins/MixinTileEntityBeacon": {
      "shouldBeamRender": "Lnet/minecraft/tileentity/TileEntityBeacon;func_146002_i()F"
    },
    "com/konasclient/konas/client/mixin/mixins/MixinRenderPlayer": {
      "renderRightArm": "Lnet/minecraft/client/renderer/entity/RenderPlayer;func_177138_b(Lnet/minecraft/client/entity/AbstractClientPlayer;)V",
      "Lnet/minecraft/client/entity/AbstractClientPlayer;isUser()Z": "Lnet/minecraft/client/entity/AbstractClientPlayer;func_175144_cb()Z",
      "doRender": "Lnet/minecraft/client/renderer/entity/RenderPlayer;func_76986_a(Lnet/minecraft/client/entity/AbstractClientPlayer;DDDFF)V",
      "Lnet/minecraft/client/model/ModelPlayer;swingProgress:F": "Lnet/minecraft/client/model/ModelPlayer;field_78095_p:F",
      "renderLeftArm": "Lnet/minecraft/client/renderer/entity/RenderPlayer;func_177139_c(Lnet/minecraft/client/entity/AbstractClientPlayer;)V"
    },
    "com/konasclient/konas/client/mixin/mixins/MixinGuiMultiplayer": {
      "createButtons": "Lnet/minecraft/client/gui/GuiMultiplayer;func_146794_g()V"
    },
    "com/konasclient/konas/client/mixin/mixins/MixinWorldBorder": {
      "contains(Lnet/minecraft/util/math/ChunkPos;)Z": "Lnet/minecraft/world/border/WorldBorder;func_177730_a(Lnet/minecraft/util/math/ChunkPos;)Z",
      "contains(Lnet/minecraft/util/math/BlockPos;)Z": "Lnet/minecraft/world/border/WorldBorder;func_177746_a(Lnet/minecraft/util/math/BlockPos;)Z",
      "contains(Lnet/minecraft/util/math/AxisAlignedBB;)Z": "Lnet/minecraft/world/border/WorldBorder;func_177743_a(Lnet/minecraft/util/math/AxisAlignedBB;)Z"
    },
    "com/konasclient/konas/client/mixin/mixins/AccessorEntity": {
      "isInWeb": "field_70134_J:Z",
      "inPortal": "field_71087_bX:Z"
    },
    "com/konasclient/konas/client/mixin/mixins/AccessorItemTool": {
      "attackDamage": "field_77865_bY:F"
    },
    "com/konasclient/konas/client/mixin/mixins/MixinEntityLlama": {
      "canBeSteered": "Lnet/minecraft/entity/passive/EntityLlama;func_82171_bF()Z"
    },
    "com/konasclient/konas/client/mixin/mixins/AccessorPlayerControllerMP": {
      "curBlockDamageMP": "field_78770_f:F",
      "currentBlock": "field_178895_c:Lnet/minecraft/util/math/BlockPos;",
      "isHittingBlock": "field_78778_j:Z",
      "currentPlayerItem": "field_78777_l:I",
      "blockHitDelay": "field_78781_i:I"
    },
    "com/konasclient/konas/client/mixin/mixins/MixinRenderItem": {
      "Lnet/minecraft/client/renderer/RenderItem;renderModel(Lnet/minecraft/client/renderer/block/model/IBakedModel;I)V": "Lnet/minecraft/client/renderer/RenderItem;func_191965_a(Lnet/minecraft/client/renderer/block/model/IBakedModel;I)V",
      "renderEffect": "Lnet/minecraft/client/renderer/RenderItem;func_191966_a(Lnet/minecraft/client/renderer/block/model/IBakedModel;)V"
    },
    "com/konasclient/konas/client/mixin/mixins/MixinChunkRenderWorker": {
      "freeRenderBuilder": "Lnet/minecraft/client/renderer/chunk/ChunkRenderWorker;func_178473_b(Lnet/minecraft/client/renderer/chunk/ChunkCompileTaskGenerator;)V"
    },
    "com/konasclient/konas/client/mixin/mixins/AccessorGuiMainMenu": {
      "realmsButton": "field_175372_K:Lnet/minecraft/client/gui/GuiButton;"
    },
    "com/konasclient/konas/client/mixin/mixins/MixinMinecraft": {
      "sendClickBlockToController": "Lnet/minecraft/client/Minecraft;func_147115_a(Z)V",
      "init": "Lnet/minecraft/client/Minecraft;func_71384_a()V",
      "runGameLoop": "Lnet/minecraft/client/Minecraft;func_71411_J()V",
      "runTick()V": "Lnet/minecraft/client/Minecraft;func_71407_l()V",
      "middleClickMouse": "Lnet/minecraft/client/Minecraft;func_147112_ai()V",
      "Lnet/minecraft/client/multiplayer/PlayerControllerMP;getIsHittingBlock()Z": "Lnet/minecraft/client/multiplayer/PlayerControllerMP;func_181040_m()Z",
      "Lnet/minecraft/client/gui/toasts/GuiToast;drawToast(Lnet/minecraft/client/gui/ScaledResolution;)V": "Lnet/minecraft/client/gui/toasts/GuiToast;func_191783_a(Lnet/minecraft/client/gui/ScaledResolution;)V",
      "clickMouse": "Lnet/minecraft/client/Minecraft;func_147116_af()V",
      "rightClickMouse": "Lnet/minecraft/client/Minecraft;func_147121_ag()V",
      "displayGuiScreen": "Lnet/minecraft/client/Minecraft;func_147108_a(Lnet/minecraft/client/gui/GuiScreen;)V",
      "Lnet/minecraft/client/entity/EntityPlayerSP;isHandActive()Z": "Lnet/minecraft/client/entity/EntityPlayerSP;func_184587_cr()Z"
    },
    "com/konasclient/konas/client/mixin/mixins/AccessorGui": {
      "zLevel": "field_73735_i:F"
    },
    "com/konasclient/konas/client/mixin/mixins/AccessorSPacketEntityVelocity": {
      "motionZ": "field_149414_d:I",
      "motionY": "field_149416_c:I",
      "motionX": "field_149415_b:I"
    },
    "com/konasclient/konas/client/mixin/mixins/MixinEntityPig": {
      "Lnet/minecraft/entity/passive/EntityPig;setAIMoveSpeed(F)V": "Lnet/minecraft/entity/passive/EntityPig;func_70659_e(F)V",
      "canBeSteered": "Lnet/minecraft/entity/passive/EntityPig;func_82171_bF()Z",
      "travel": "Lnet/minecraft/entity/passive/EntityPig;func_191986_a(FFF)V"
    },
    "com/konasclient/konas/client/mixin/mixins/MixinSkinManager": {
      "loadSkinFromCache": "Lnet/minecraft/client/resources/SkinManager;func_152788_a(Lcom/mojang/authlib/GameProfile;)Ljava/util/Map;"
    },
    "com/konasclient/konas/client/mixin/mixins/MixinRenderLivingBase": {
      "renderName": "Lnet/minecraft/client/renderer/entity/RenderLivingBase;func_177067_a(Lnet/minecraft/entity/EntityLivingBase;DDD)V",
      "renderModel": "Lnet/minecraft/client/renderer/entity/RenderLivingBase;func_77036_a(Lnet/minecraft/entity/EntityLivingBase;FFFFFF)V"
    },
    "com/konasclient/konas/client/mixin/mixins/MixinWorld": {
      "getWorldTime": "Lnet/minecraft/world/World;func_72820_D()J",
      "getRainStrength": "Lnet/minecraft/world/World;func_72867_j(F)F",
      "checkLightFor": "Lnet/minecraft/world/World;func_180500_c(Lnet/minecraft/world/EnumSkyBlock;Lnet/minecraft/util/math/BlockPos;)Z"
    },
    "com/konasclient/konas/client/mixin/mixins/MixinEntityPlayer": {
      "applyEntityCollision": "Lnet/minecraft/entity/player/EntityPlayer;func_70108_f(Lnet/minecraft/entity/Entity;)V",
      "isEntityInsideOpaqueBlock": "Lnet/minecraft/entity/player/EntityPlayer;func_70094_T()Z",
      "isPushedByWater": "Lnet/minecraft/entity/player/EntityPlayer;func_96092_aw()Z"
    },
    "com/konasclient/konas/client/mixin/mixins/AccessorCPacketCloseWindow": {
      "windowId": "field_149556_a:I"
    },
    "com/konasclient/konas/client/mixin/mixins/AccessorCPacketUseEntity": {
      "action": "field_149566_b:Lnet/minecraft/network/play/client/CPacketUseEntity$Action;",
      "entityId": "field_149567_a:I"
    },
    "com/konasclient/konas/client/mixin/mixins/MixinNettyCompressionDecoder": {
      "decode": "Lnet/minecraft/network/NettyCompressionDecoder;decode(Lio/netty/channel/ChannelHandlerContext;Lio/netty/buffer/ByteBuf;Ljava/util/List;)V"
    },
    "com/konasclient/konas/client/mixin/mixins/AccessorGuiShulkerBox": {
      "playerInventory": "field_190780_w:Lnet/minecraft/entity/player/InventoryPlayer;",
      "inventory": "field_190779_v:Lnet/minecraft/inventory/IInventory;"
    },
    "com/konasclient/konas/client/mixin/mixins/MixinGuiScreen": {
      "drawWorldBackground": "Lnet/minecraft/client/gui/GuiScreen;func_146270_b(I)V"
    },
    "com/konasclient/konas/client/mixin/mixins/MixinEntityLivingBase": {
      "getWaterSlowDown": "Lnet/minecraft/entity/EntityLivingBase;func_189749_co()F",
      "Lnet/minecraft/entity/ai/attributes/IAttributeInstance;getAttributeValue()D": "Lnet/minecraft/entity/ai/attributes/IAttributeInstance;func_111126_e()D",
      "handleJumpLava": "Lnet/minecraft/entity/EntityLivingBase;func_180466_bG()V",
      "handleJumpWater": "Lnet/minecraft/entity/EntityLivingBase;func_70629_bd()V",
      "onLivingUpdate": "Lnet/minecraft/entity/EntityLivingBase;func_70636_d()V",
      "onItemPickup": "Lnet/minecraft/entity/EntityLivingBase;func_71001_a(Lnet/minecraft/entity/Entity;I)V",
      "Lnet/minecraft/world/World;isRemote:Z": "Lnet/minecraft/world/World;field_72995_K:Z",
      "travel": "Lnet/minecraft/entity/EntityLivingBase;func_191986_a(FFF)V",
      "jump": "Lnet/minecraft/entity/EntityLivingBase;func_70664_aZ()V"
    },
    "com/konasclient/konas/client/mixin/mixins/MixinRenderManager": {
      "renderEntity": "Lnet/minecraft/client/renderer/entity/RenderManager;func_188391_a(Lnet/minecraft/entity/Entity;DDDFFZ)V"
    },
    "com/konasclient/konas/client/mixin/mixins/AccessorItemRenderer": {
      "prevEquippedProgressOffHand": "field_187472_i:F",
      "equippedProgressMainHand": "field_187469_f:F",
      "itemStackMainHand": "field_187467_d:Lnet/minecraft/item/ItemStack;",
      "prevEquippedProgressMainHand": "field_187470_g:F",
      "equippedProgressOffHand": "field_187471_h:F",
      "itemStackOffHand": "field_187468_e:Lnet/minecraft/item/ItemStack;"
    },
    "com/konasclient/konas/client/mixin/mixins/AccessorEntityLivingBase": {
      "getArmSwingAnimationEnd": "func_82166_i()I"
    },
    "com/konasclient/konas/client/mixin/mixins/MixinBlockRendererDispatcher": {
      "renderBlock": "Lnet/minecraft/client/renderer/BlockRendererDispatcher;func_175018_a(Lnet/minecraft/block/state/IBlockState;Lnet/minecraft/util/math/BlockPos;Lnet/minecraft/world/IBlockAccess;Lnet/minecraft/client/renderer/BufferBuilder;)Z"
    },
    "com/konasclient/konas/client/mixin/mixins/AccessorEntityRenderer": {
      "setupCameraTransform": "func_78479_a(FI)V",
      "getFOVModifier": "func_78481_a(FZ)F",
      "torchFlickerX": "field_78514_e:F",
      "orientCamera": "func_78467_g(F)V",
      "lightmapColors": "field_78504_Q:[I",
      "lightmapTexture": "field_78513_d:Lnet/minecraft/client/renderer/texture/DynamicTexture;",
      "cameraZoom": "field_78503_V:D",
      "renderEndNanoTime": "field_78510_Z:J",
      "updateFogColor": "func_78466_h(F)V"
    },
    "com/konasclient/konas/client/mixin/mixins/MixinChunkRenderDispatcher": {
      "net/minecraft/client/renderer/OpenGlHelper.useVbo()Z": "Lnet/minecraft/client/renderer/OpenGlHelper;func_176075_f()Z",
      "uploadChunk": "Lnet/minecraft/client/renderer/chunk/ChunkRenderDispatcher;func_188245_a(Lnet/minecraft/util/BlockRenderLayer;Lnet/minecraft/client/renderer/BufferBuilder;Lnet/minecraft/client/renderer/chunk/RenderChunk;Lnet/minecraft/client/renderer/chunk/CompiledChunk;D)Lcom/google/common/util/concurrent/ListenableFuture;"
    },
    "com/konasclient/konas/client/mixin/mixins/MixinParticleManager": {
      "addEffect": "Lnet/minecraft/client/particle/ParticleManager;func_78873_a(Lnet/minecraft/client/particle/Particle;)V"
    },
    "com/konasclient/konas/client/mixin/mixins/AccessorSPacketCloseWindow": {
      "windowId": "field_148896_a:I"
    },
    "com/konasclient/konas/client/mixin/mixins/MixinFontRenderer": {
      "renderString": "Lnet/minecraft/client/gui/FontRenderer;func_180455_b(Ljava/lang/String;FFIZ)I",
      "getStringWidth": "Lnet/minecraft/client/gui/FontRenderer;func_78256_a(Ljava/lang/String;)I"
    },
    "com/konasclient/konas/client/mixin/mixins/AccessorWorldClient": {
      "visibleChunks": "field_184157_a:Ljava/util/Set;"
    },
    "com/konasclient/konas/client/mixin/mixins/MixinGuiNewChat": {
      "drawChat": "Lnet/minecraft/client/gui/GuiNewChat;func_146230_a(I)V",
      "calculateChatboxHeight": "Lnet/minecraft/client/gui/GuiNewChat;func_146243_b(F)I",
      "Lnet/minecraft/client/gui/GuiNewChat;drawRect(IIIII)V": "Lnet/minecraft/client/gui/GuiNewChat;func_73734_a(IIIII)V"
    },
    "com/konasclient/konas/client/mixin/mixins/MixinItemRenderer": {
      "Lnet/minecraft/client/entity/AbstractClientPlayer;rotationYaw:F": "Lnet/minecraft/client/entity/AbstractClientPlayer;field_70177_z:F",
      "updateEquippedItem": "Lnet/minecraft/client/renderer/ItemRenderer;func_78441_a()V",
      "rotateArm": "Lnet/minecraft/client/renderer/ItemRenderer;func_187458_c(F)V",
      "transformSideFirstPerson": "Lnet/minecraft/client/renderer/ItemRenderer;func_187459_b(Lnet/minecraft/util/EnumHandSide;F)V",
      "renderItemInFirstPerson(F)V": "Lnet/minecraft/client/renderer/ItemRenderer;func_78440_a(F)V",
      "Lnet/minecraft/client/entity/AbstractClientPlayer;prevRotationYaw:F": "Lnet/minecraft/client/entity/AbstractClientPlayer;field_70126_B:F",
      "Lnet/minecraft/client/entity/AbstractClientPlayer;prevRotationPitch:F": "Lnet/minecraft/client/entity/AbstractClientPlayer;field_70127_C:F",
      "renderOverlays": "Lnet/minecraft/client/renderer/ItemRenderer;func_78447_b(F)V",
      "renderFireInFirstPerson": "Lnet/minecraft/client/renderer/ItemRenderer;func_78442_d()V",
      "setLightmap": "Lnet/minecraft/client/renderer/ItemRenderer;func_187464_b()V",
      "Lnet/minecraft/client/Minecraft;player:Lnet/minecraft/client/entity/EntityPlayerSP;": "Lnet/minecraft/client/Minecraft;field_71439_g:Lnet/minecraft/client/entity/EntityPlayerSP;",
      "renderWaterOverlayTexture": "Lnet/minecraft/client/renderer/ItemRenderer;func_78448_c(F)V",
      "Lnet/minecraft/client/entity/AbstractClientPlayer;rotationPitch:F": "Lnet/minecraft/client/entity/AbstractClientPlayer;field_70125_A:F"
    },
    "com/konasclient/konas/client/mixin/mixins/MixinEntityRenderer": {
      "hurtCameraEffect": "Lnet/minecraft/client/renderer/EntityRenderer;func_78482_e(F)V",
      "Lnet/minecraft/client/Minecraft;getRenderViewEntity()Lnet/minecraft/entity/Entity;": "Lnet/minecraft/client/Minecraft;func_175606_aa()Lnet/minecraft/entity/Entity;",
      "renderHand": "Lnet/minecraft/client/renderer/EntityRenderer;func_78476_b(FI)V",
      "isDrawBlockOutline": "Lnet/minecraft/client/renderer/EntityRenderer;func_175070_n()Z",
      "Lnet/minecraft/client/renderer/texture/DynamicTexture;updateDynamicTexture()V": "Lnet/minecraft/client/renderer/texture/DynamicTexture;func_110564_a()V",
      "Lnet/minecraft/client/entity/EntityPlayerSP;turn(FF)V": "Lnet/minecraft/client/entity/EntityPlayerSP;func_70082_c(FF)V",
      "setupCameraTransform": "Lnet/minecraft/client/renderer/EntityRenderer;func_78479_a(FI)V",
      "net/minecraft/client/multiplayer/PlayerControllerMP.getBlockReachDistance()F": "Lnet/minecraft/client/multiplayer/PlayerControllerMP;func_78757_d()F",
      "Lnet/minecraft/client/renderer/EntityRenderer;renderHand:Z": "Lnet/minecraft/client/renderer/EntityRenderer;field_175074_C:Z",
      "updateCameraAndRender": "Lnet/minecraft/client/renderer/EntityRenderer;func_181560_a(FJ)V",
      "updateLightmap": "Lnet/minecraft/client/renderer/EntityRenderer;func_78472_g(F)V",
      "setupFog": "Lnet/minecraft/client/renderer/EntityRenderer;func_78468_a(IF)V",
      "Lnet/minecraft/client/renderer/ActiveRenderInfo;getBlockStateAtEntityViewpoint(Lnet/minecraft/world/World;Lnet/minecraft/entity/Entity;F)Lnet/minecraft/block/state/IBlockState;": "Lnet/minecraft/client/renderer/ActiveRenderInfo;func_186703_a(Lnet/minecraft/world/World;Lnet/minecraft/entity/Entity;F)Lnet/minecraft/block/state/IBlockState;",
      "Lnet/minecraft/client/multiplayer/WorldClient;getEntitiesInAABBexcluding(Lnet/minecraft/entity/Entity;Lnet/minecraft/util/math/AxisAlignedBB;Lcom/google/common/base/Predicate;)Ljava/util/List;": "Lnet/minecraft/client/multiplayer/WorldClient;func_175674_a(Lnet/minecraft/entity/Entity;Lnet/minecraft/util/math/AxisAlignedBB;Lcom/google/common/base/Predicate;)Ljava/util/List;",
      "renderCloudsCheck": "Lnet/minecraft/client/renderer/EntityRenderer;func_180437_a(Lnet/minecraft/client/renderer/RenderGlobal;FIDDD)V",
      "Lnet/minecraft/client/entity/EntityPlayerSP;isSpectator()Z": "Lnet/minecraft/client/entity/EntityPlayerSP;func_175149_v()Z",
      "orientCamera": "Lnet/minecraft/client/renderer/EntityRenderer;func_78467_g(F)V",
      "getMouseOver": "Lnet/minecraft/client/renderer/EntityRenderer;func_78473_a(F)V",
      "renderWorldPass": "Lnet/minecraft/client/renderer/EntityRenderer;func_175068_a(IFJ)V"
    },
    "com/konasclient/konas/client/mixin/mixins/MixinGuiMainMenu": {
      "actionPerformed": "Lnet/minecraft/client/gui/GuiMainMenu;func_146284_a(Lnet/minecraft/client/gui/GuiButton;)V",
      "addSingleplayerMultiplayerButtons": "Lnet/minecraft/client/gui/GuiMainMenu;func_73969_a(II)V"
    },
    "com/konasclient/konas/client/mixin/mixins/AccesorMinecraft": {
      "rightClickDelayTimer": "field_71467_ac:I",
      "timer": "field_71428_T:Lnet/minecraft/util/Timer;",
      "session": "field_71449_j:Lnet/minecraft/util/Session;"
    },
    "com/konasclient/konas/client/mixin/mixins/MixinAbstractClientPlayer": {
      "getLocationSkin()Lnet/minecraft/util/ResourceLocation;": "Lnet/minecraft/client/entity/AbstractClientPlayer;func_110306_p()Lnet/minecraft/util/ResourceLocation;",
      "getLocationCape": "Lnet/minecraft/client/entity/AbstractClientPlayer;func_110303_q()Lnet/minecraft/util/ResourceLocation;"
    },
    "com/konasclient/konas/client/mixin/mixins/AccessorCPacketAnimation": {
      "hand": "field_187019_a:Lnet/minecraft/util/EnumHand;"
    },
    "com/konasclient/konas/client/mixin/mixins/MixinAbstractHorse": {
      "isHorseSaddled": "Lnet/minecraft/entity/passive/AbstractHorse;func_110257_ck()Z",
      "canBeSteered": "Lnet/minecraft/entity/passive/AbstractHorse;func_82171_bF()Z"
    },
    "com/konasclient/konas/client/mixin/mixins/MixinMapItemRenderer": {
      "renderMap": "Lnet/minecraft/client/gui/MapItemRenderer;func_148250_a(Lnet/minecraft/world/storage/MapData;Z)V"
    },
    "com/konasclient/konas/client/mixin/mixins/MixinRenderEnderCrystal": {
      "Lnet/minecraft/client/model/ModelBase;render(Lnet/minecraft/entity/Entity;FFFFFF)V": "Lnet/minecraft/client/model/ModelBase;func_78088_a(Lnet/minecraft/entity/Entity;FFFFFF)V",
      "doRender(Lnet/minecraft/entity/item/EntityEnderCrystal;DDDFF)V": "Lnet/minecraft/client/renderer/entity/RenderEnderCrystal;func_76986_a(Lnet/minecraft/entity/item/EntityEnderCrystal;DDDFF)V"
    },
    "com/konasclient/konas/client/mixin/mixins/AccessorCPacketCustomPayload": {
      "data": "field_149561_c:Lnet/minecraft/network/PacketBuffer;"
    },
    "com/konasclient/konas/client/mixin/mixins/MixinGuiBossOverlay": {
      "renderBossHealth": "Lnet/minecraft/client/gui/GuiBossOverlay;func_184051_a()V"
    },
    "com/konasclient/konas/client/mixin/mixins/AccessorTimer": {
      "tickLength": "field_194149_e:F"
    },
    "com/konasclient/konas/client/mixin/mixins/MixinGameSettings": {
      "setOptionValue": "Lnet/minecraft/client/settings/GameSettings;func_74306_a(Lnet/minecraft/client/settings/GameSettings$Options;I)V"
    },
    "com/konasclient/konas/client/mixin/mixins/MixinNetHandlerPlayClient": {
      "handleChunkData": "Lnet/minecraft/client/network/NetHandlerPlayClient;func_147263_a(Lnet/minecraft/network/play/server/SPacketChunkData;)V",
      "Lnet/minecraft/world/chunk/Chunk;read(Lnet/minecraft/network/PacketBuffer;IZ)V": "Lnet/minecraft/world/chunk/Chunk;func_186033_a(Lnet/minecraft/network/PacketBuffer;IZ)V"
    },
    "com/konasclient/konas/client/mixin/mixins/AccessorCPacketVehicleMove": {
      "y": "field_187008_b:D"
    },
    "com/konasclient/konas/client/mixin/mixins/MixinRender": {
      "renderShadow": "Lnet/minecraft/client/renderer/entity/Render;func_76975_c(Lnet/minecraft/entity/Entity;DDDFF)V"
    },
    "com/konasclient/konas/client/mixin/mixins/MixinItemFood": {
      "onItemUseFinish": "Lnet/minecraft/item/ItemFood;func_77654_b(Lnet/minecraft/item/ItemStack;Lnet/minecraft/world/World;Lnet/minecraft/entity/EntityLivingBase;)Lnet/minecraft/item/ItemStack;",
      "Lnet/minecraft/entity/player/EntityPlayer;addStat(Lnet/minecraft/stats/StatBase;)V": "Lnet/minecraft/entity/player/EntityPlayer;func_71029_a(Lnet/minecraft/stats/StatBase;)V"
    }
  },
  "data": {
    "notch": {
      "com/konasclient/konas/client/mixin/mixins/MixinBlockLiquid": {
        "getCollisionBoundingBox": "Laru;a(Lawt;Lamy;Let;)Lbhb;",
        "modifyAcceleration": "Laru;a(Lamu;Let;Lvg;Lbhe;)Lbhe;",
        "canCollideCheck": "Laru;a(Lawt;Z)Z"
      },
      "com/konasclient/konas/client/mixin/mixins/MixinEntity": {
        "getCollisionBorderSize": "Lvg;aI()F",
        "move": "Lvg;a(Lvv;DDD)V",
        "turn": "Lvg;c(FF)V",
        "Lnet/minecraft/entity/Entity;isSneaking()Z": "Lvg;aU()Z",
        "addVelocity": "Lvg;f(DDD)V",
        "Lnet/minecraft/entity/Entity;onGround:Z": "Lvg;z:Z"
      },
      "com/konasclient/konas/client/mixin/mixins/AccessorCPacketUpdateSign": {
        "lines": "b:[Ljava/lang/String;"
      },
      "com/konasclient/konas/client/mixin/mixins/AccessorCPacketChatMessage": {
        "message": "a:Ljava/lang/String;"
      },
      "com/konasclient/konas/client/mixin/mixins/AccessorSPacketPosLook": {
        "pitch": "e:F",
        "yaw": "d:F"
      },
      "com/konasclient/konas/client/mixin/mixins/IMixinRenderGlobal": {
        "damagedBlocks": "x:Ljava/util/Map;"
      },
      "com/konasclient/konas/client/mixin/mixins/AccessorGuiScreen": {
        "buttonList": "n:Ljava/util/List;"
      },
      "com/konasclient/konas/client/mixin/mixins/MixinBlockPortal": {
        "randomDisplayTick": "Lass;a(Lawt;Lamu;Let;Ljava/util/Random;)V",
        "Lnet/minecraft/world/World;spawnParticle(Lnet/minecraft/util/EnumParticleTypes;DDDDDD[I)V": "Lamu;a(Lfj;DDDDDD[I)V",
        "Lnet/minecraft/world/World;playSound(DDDLnet/minecraft/util/SoundEvent;Lnet/minecraft/util/SoundCategory;FFZ)V": "Lamu;a(DDDLqe;Lqg;FFZ)V",
        "getBoundingBox": "Lass;b(Lawt;Lamy;Let;)Lbhb;"
      },
      "com/konasclient/konas/client/mixin/mixins/MixinNetworkManager": {
        "sendPacket(Lnet/minecraft/network/Packet;)V": "Lgw;a(Lht;)V",
        "handleDisconnection": "Lgw;l()V",
        "setCompressionThreshold": "Lgw;a(I)V",
        "exceptionCaught": "Lgw;exceptionCaught(Lio/netty/channel/ChannelHandlerContext;Ljava/lang/Throwable;)V",
        "channelRead0": "Lgw;a(Lio/netty/channel/ChannelHandlerContext;Lht;)V"
      },
      "com/konasclient/konas/client/mixin/mixins/MixinTileEntityEnchantmentTableRenderer": {
        "render": "Lbxa;a(Lavr;DDDFIF)V"
      },
      "com/konasclient/konas/client/mixin/mixins/MixinBlockStateContainerStateImplementation": {
        "addCollisionBoxToList": "Lawu$a;a(Lamu;Let;Lbhb;Ljava/util/List;Lvg;Z)V"
      },
      "com/konasclient/konas/client/mixin/mixins/MixinLayerCape": {
        "doRenderLayer": "Lcbr;a(Lbua;FFFFFFF)V",
        "Lnet/minecraft/client/renderer/entity/RenderPlayer;bindTexture(Lnet/minecraft/util/ResourceLocation;)V": "Lcct;a(Lnf;)V"
      },
      "com/konasclient/konas/client/mixin/mixins/AccessorRenderManager": {
        "renderPosX": "o:D",
        "renderPosY": "p:D",
        "renderPosZ": "q:D"
      },
      "com/konasclient/konas/client/mixin/mixins/MixinGuiIngame": {
        "renderPotionEffects": "Lbiq;a(Lbit;)V",
        "renderGameOverlay": "Lbiq;a(F)V",
        "renderAttackIndicator": "Lbiq;a(FLbit;)V",
        "Lnet/minecraft/client/Minecraft;player:Lnet/minecraft/client/entity/EntityPlayerSP;": "Lbib;h:Lbud;"
      },
      "com/konasclient/konas/client/mixin/mixins/MixinNetworkPlayerInfo": {
        "getLocationSkin": "Lbsc;g()Lnf;"
      },
      "com/konasclient/konas/client/mixin/mixins/MixinNetworkManagerChInit": {
        "net.minecraft.network.NetworkManager$5": "gw$5"
      },
      "com/konasclient/konas/client/mixin/mixins/AccessorSPacketEntityMetadata": {
        "entityId": "a:I"
      },
      "com/konasclient/konas/client/mixin/mixins/MixinTileEntitySignRenderer": {
        "render": "Lbxf;a(Lawc;DDDFIF)V"
      },
      "com/konasclient/konas/client/mixin/mixins/MixinVisGraph": {
        "setOpaqueCube": "Lbxu;a(Let;)V"
      },
      "com/konasclient/konas/client/mixin/mixins/AccessorEntityPlayerSP": {
        "lastReportedPitch": "ci:F",
        "horseJumpPower": "cq:F",
        "autoJumpEnabled": "cu:Z",
        "positionUpdateTicks": "cm:I",
        "serverSneakState": "ck:Z",
        "serverSprintState": "cl:Z",
        "prevOnGround": "cj:Z",
        "lastReportedPosY": "cf:D",
        "lastReportedPosZ": "cg:D",
        "onUpdateWalkingPlayer": "N()V",
        "lastReportedPosX": "ce:D",
        "lastReportedYaw": "ch:F"
      },
      "com/konasclient/konas/client/mixin/mixins/MixinC00Handshake": {
        "writePacketData": "Lmd;b(Lgy;)V"
      },
      "com/konasclient/konas/client/mixin/mixins/AccessorGuiTextField": {
        "maxStringLength": "l:I",
        "fontRenderer": "h:Lbip;"
      },
      "com/konasclient/konas/client/mixin/mixins/MixinBlock": {
        "addCollisionBoxToList(Lnet/minecraft/block/state/IBlockState;Lnet/minecraft/world/World;Lnet/minecraft/util/math/BlockPos;Lnet/minecraft/util/math/AxisAlignedBB;Ljava/util/List;Lnet/minecraft/entity/Entity;Z)V": "Laow;a(Lawt;Lamu;Let;Lbhb;Ljava/util/List;Lvg;Z)V"
      },
      "com/konasclient/konas/client/mixin/mixins/AccessorCPacketPlayer": {
        "onGround": "f:Z",
        "x": "a:D",
        "y": "b:D",
        "z": "c:D",
        "pitch": "e:F",
        "moving": "g:Z",
        "yaw": "d:F"
      },
      "com/konasclient/konas/client/mixin/mixins/MixinKeyBinding": {
        "pressed": "i:Z",
        "isKeyDown": "Lbhy;e()Z"
      },
      "com/konasclient/konas/client/mixin/mixins/MixinTileEntitySkullRenderer": {
        "render": "Lbwz;a(Lavl;DDDFIF)V"
      },
      "com/konasclient/konas/client/mixin/mixins/MixinGuiChat": {
        "mouseClicked": "Lbkn;a(III)V",
        "drawScreen": "Lbkn;a(IIF)V",
        "keyTyped": "Lbkn;a(CI)V"
      },
      "com/konasclient/konas/client/mixin/mixins/AccessorInventoryPlayer": {
        "allInventories": "f:Ljava/util/List;",
        "mainInventory": "a:Lfi;",
        "armorInventory": "b:Lfi;"
      },
      "com/konasclient/konas/client/mixin/mixins/MixinRenderGlobal": {
        "setupTerrain": "Lbuy;a(Lvg;DLbxy;IZ)V",
        "renderSky(FI)V": "Lbuy;a(FI)V",
        "Lnet/minecraft/client/multiplayer/WorldClient;getSkyColor(Lnet/minecraft/entity/Entity;F)Lnet/minecraft/util/math/Vec3d;": "Lbsb;a(Lvg;F)Lbhe;"
      },
      "com/konasclient/konas/client/mixin/mixins/AccessorGuiIngame": {
        "renderHotbar": "a(Lbit;F)V",
        "spectatorGui": "u:Lbjw;"
      },
      "com/konasclient/konas/client/mixin/mixins/AccessorSPacketExplosion": {
        "motionZ": "h:F",
        "motionY": "g:F",
        "motionX": "f:F"
      },
      "com/konasclient/konas/client/mixin/mixins/MixinGuiPlayerTabOverlay": {
        "drawPing": "Lbjq;a(IIILbsc;)V",
        "renderPlayerlist": "Lbjq;a(ILbhk;Lbhg;)V",
        "getPlayerName": "Lbjq;a(Lbsc;)Ljava/lang/String;"
      },
      "com/konasclient/konas/client/mixin/mixins/MixinGuiConnecting": {
        "connect": "Lbkr;a(Ljava/lang/String;I)V"
      },
      "com/konasclient/konas/client/mixin/mixins/MixinLayerArmorBase": {
        "Lnet/minecraft/client/renderer/GlStateManager;color(FFFF)V": "Lbus;c(FFFF)V",
        "renderEnchantedGlint": "Lcbp;a(Lcaa;Lvp;Lbqf;FFFFFFF)V",
        "renderArmorLayer": "Lcbp;a(Lvp;FFFFFFFLvl;)V"
      },
      "com/konasclient/konas/client/mixin/mixins/MixinChunkRenderContainer": {
        "preRenderChunk": "Lbun;a(Lbxr;)V"
      },
      "com/konasclient/konas/client/mixin/mixins/MixinEntityPlayerSP": {
        "move": "Lbud;a(Lvv;DDD)V",
        "setActiveHand": "Lbud;c(Lub;)V",
        "closeScreen": "Lbud;p()V",
        "Lnet/minecraft/client/entity/AbstractClientPlayer;move(Lnet/minecraft/entity/MoverType;DDD)V": "Lbua;a(Lvv;DDD)V",
        "dismountRidingEntity": "Lbud;o()V",
        "swingArm": "Lbud;a(Lub;)V",
        "displayGUIChest": "Lbud;a(Ltv;)V",
        "sendChatMessage": "Lbud;g(Ljava/lang/String;)V",
        "Lnet/minecraft/client/entity/AbstractClientPlayer;onUpdate()V": "Lbua;B_()V",
        "pushOutOfBlocks": "Lbud;i(DDD)Z",
        "Lnet/minecraft/client/entity/AbstractClientPlayer;setActiveHand(Lnet/minecraft/util/EnumHand;)V": "Lbua;c(Lub;)V",
        "updateEntityActionState": "Lbud;cA()V",
        "onUpdateWalkingPlayer": "Lbud;N()V",
        "Lnet/minecraft/client/entity/EntityPlayerSP;isCurrentViewEntity()Z": "Lbud;K()Z",
        "onUpdate": "Lbud;B_()V"
      },
      "com/konasclient/konas/client/mixin/mixins/MixinBufferBuilder": {
        "isDrawing": "o:Z"
      },
      "com/konasclient/konas/client/mixin/mixins/MixinRenderChunk": {
        "setPosition": "Lbxr;a(III)V"
      },
      "com/konasclient/konas/client/mixin/mixins/MixinPlayerControllerMP": {
        "resetBlockRemoving": "Lbsa;c()V",
        "clickBlock": "Lbsa;a(Let;Lfa;)Z",
        "onPlayerDamageBlock(Lnet/minecraft/util/math/BlockPos;Lnet/minecraft/util/EnumFacing;)Z": "Lbsa;b(Let;Lfa;)Z",
        "processRightClickBlock": "Lbsa;a(Lbud;Lbsb;Let;Lfa;Lbhe;Lub;)Lud;",
        "onStoppedUsingItem": "Lbsa;c(Laed;)V"
      },
      "com/konasclient/konas/client/mixin/mixins/MixinBlockEnchantmentTable": {
        "randomDisplayTick": "Laqf;a(Lawt;Lamu;Let;Ljava/util/Random;)V",
        "Lnet/minecraft/world/World;spawnParticle(Lnet/minecraft/util/EnumParticleTypes;DDDDDD[I)V": "Lamu;a(Lfj;DDDDDD[I)V"
      },
      "com/konasclient/konas/client/mixin/mixins/MixinTileEntityBeacon": {
        "shouldBeamRender": "Lavh;p()F"
      },
      "com/konasclient/konas/client/mixin/mixins/MixinRenderPlayer": {
        "renderRightArm": "Lcct;b(Lbua;)V",
        "Lnet/minecraft/client/entity/AbstractClientPlayer;isUser()Z": "Lbua;cZ()Z",
        "doRender": "Lcct;a(Lbua;DDDFF)V",
        "Lnet/minecraft/client/model/ModelPlayer;swingProgress:F": "Lbqj;o:F",
        "renderLeftArm": "Lcct;c(Lbua;)V"
      },
      "com/konasclient/konas/client/mixin/mixins/MixinGuiMultiplayer": {
        "createButtons": "Lbnf;a()V"
      },
      "com/konasclient/konas/client/mixin/mixins/MixinWorldBorder": {
        "contains(Lnet/minecraft/util/math/ChunkPos;)Z": "Laxn;a(Lamn;)Z",
        "contains(Lnet/minecraft/util/math/BlockPos;)Z": "Laxn;a(Let;)Z",
        "contains(Lnet/minecraft/util/math/AxisAlignedBB;)Z": "Laxn;a(Lbhb;)Z"
      },
      "com/konasclient/konas/client/mixin/mixins/AccessorEntity": {
        "isInWeb": "E:Z",
        "inPortal": "ak:Z"
      },
      "com/konasclient/konas/client/mixin/mixins/AccessorItemTool": {
        "attackDamage": "b:F"
      },
      "com/konasclient/konas/client/mixin/mixins/MixinEntityLlama": {
        "canBeSteered": "Laas;cV()Z"
      },
      "com/konasclient/konas/client/mixin/mixins/AccessorPlayerControllerMP": {
        "curBlockDamageMP": "e:F",
        "currentBlock": "c:Let;",
        "isHittingBlock": "h:Z",
        "currentPlayerItem": "j:I",
        "blockHitDelay": "g:I"
      },
      "com/konasclient/konas/client/mixin/mixins/MixinRenderItem": {
        "Lnet/minecraft/client/renderer/RenderItem;renderModel(Lnet/minecraft/client/renderer/block/model/IBakedModel;I)V": "Lbzw;a(Lcfy;I)V",
        "renderEffect": "Lbzw;a(Lcfy;)V"
      },
      "com/konasclient/konas/client/mixin/mixins/MixinChunkRenderWorker": {
        "freeRenderBuilder": "Lbxn;b(Lbxl;)V"
      },
      "com/konasclient/konas/client/mixin/mixins/AccessorGuiMainMenu": {
        "realmsButton": "K:Lbja;"
      },
      "com/konasclient/konas/client/mixin/mixins/MixinMinecraft": {
        "sendClickBlockToController": "Lbib;b(Z)V",
        "init": "Lbib;aq()V",
        "runGameLoop": "Lbib;az()V",
        "runTick()V": "Lbib;t()V",
        "middleClickMouse": "Lbib;aH()V",
        "Lnet/minecraft/client/multiplayer/PlayerControllerMP;getIsHittingBlock()Z": "Lbsa;m()Z",
        "Lnet/minecraft/client/gui/toasts/GuiToast;drawToast(Lnet/minecraft/client/gui/ScaledResolution;)V": "Lbkc;a(Lbit;)V",
        "clickMouse": "Lbib;aA()V",
        "rightClickMouse": "Lbib;aB()V",
        "displayGuiScreen": "Lbib;a(Lblk;)V",
        "Lnet/minecraft/client/entity/EntityPlayerSP;isHandActive()Z": "Lbud;cG()Z"
      },
      "com/konasclient/konas/client/mixin/mixins/AccessorGui": {
        "zLevel": "e:F"
      },
      "com/konasclient/konas/client/mixin/mixins/AccessorSPacketEntityVelocity": {
        "motionZ": "d:I",
        "motionY": "c:I",
        "motionX": "b:I"
      },
      "com/konasclient/konas/client/mixin/mixins/MixinEntityPig": {
        "Lnet/minecraft/entity/passive/EntityPig;setAIMoveSpeed(F)V": "Laad;k(F)V",
        "canBeSteered": "Laad;cV()Z",
        "travel": "Laad;a(FFF)V"
      },
      "com/konasclient/konas/client/mixin/mixins/MixinSkinManager": {
        "loadSkinFromCache": "Lcex;a(Lcom/mojang/authlib/GameProfile;)Ljava/util/Map;"
      },
      "com/konasclient/konas/client/mixin/mixins/MixinRenderLivingBase": {
        "renderName": "Lcaa;a(Lvp;DDD)V",
        "renderModel": "Lcaa;a(Lvp;FFFFFF)V"
      },
      "com/konasclient/konas/client/mixin/mixins/MixinWorld": {
        "getWorldTime": "Lamu;S()J",
        "getRainStrength": "Lamu;j(F)F",
        "checkLightFor": "Lamu;c(Lana;Let;)Z"
      },
      "com/konasclient/konas/client/mixin/mixins/MixinEntityPlayer": {
        "applyEntityCollision": "Laed;i(Lvg;)V",
        "isEntityInsideOpaqueBlock": "Laed;aD()Z",
        "isPushedByWater": "Laed;bo()Z"
      },
      "com/konasclient/konas/client/mixin/mixins/AccessorCPacketCloseWindow": {
        "windowId": "a:I"
      },
      "com/konasclient/konas/client/mixin/mixins/AccessorCPacketUseEntity": {
        "action": "b:Lli$a;",
        "entityId": "a:I"
      },
      "com/konasclient/konas/client/mixin/mixins/MixinNettyCompressionDecoder": {
        "decode": "Lgu;decode(Lio/netty/channel/ChannelHandlerContext;Lio/netty/buffer/ByteBuf;Ljava/util/List;)V"
      },
      "com/konasclient/konas/client/mixin/mixins/AccessorGuiShulkerBox": {
        "playerInventory": "x:Laec;",
        "inventory": "w:Ltv;"
      },
      "com/konasclient/konas/client/mixin/mixins/MixinGuiScreen": {
        "drawWorldBackground": "Lblk;d_(I)V"
      },
      "com/konasclient/konas/client/mixin/mixins/MixinEntityLivingBase": {
        "getWaterSlowDown": "Lvp;cx()F",
        "Lnet/minecraft/entity/ai/attributes/IAttributeInstance;getAttributeValue()D": "Lwd;e()D",
        "handleJumpLava": "Lvp;cw()V",
        "handleJumpWater": "Lvp;cv()V",
        "onLivingUpdate": "Lvp;n()V",
        "onItemPickup": "Lvp;a(Lvg;I)V",
        "Lnet/minecraft/world/World;isRemote:Z": "Lamu;G:Z",
        "travel": "Lvp;a(FFF)V",
        "jump": "Lvp;cu()V"
      },
      "com/konasclient/konas/client/mixin/mixins/MixinRenderManager": {
        "renderEntity": "Lbzf;a(Lvg;DDDFFZ)V"
      },
      "com/konasclient/konas/client/mixin/mixins/AccessorItemRenderer": {
        "prevEquippedProgressOffHand": "i:F",
        "equippedProgressMainHand": "f:F",
        "itemStackMainHand": "d:Laip;",
        "prevEquippedProgressMainHand": "g:F",
        "equippedProgressOffHand": "h:F",
        "itemStackOffHand": "e:Laip;"
      },
      "com/konasclient/konas/client/mixin/mixins/AccessorEntityLivingBase": {
        "getArmSwingAnimationEnd": "p()I"
      },
      "com/konasclient/konas/client/mixin/mixins/MixinBlockRendererDispatcher": {
        "renderBlock": "Lbvm;a(Lawt;Let;Lamy;Lbuk;)Z"
      },
      "com/konasclient/konas/client/mixin/mixins/AccessorEntityRenderer": {
        "setupCameraTransform": "a(FI)V",
        "getFOVModifier": "a(FZ)F",
        "torchFlickerX": "L:F",
        "orientCamera": "f(F)V",
        "lightmapColors": "I:[I",
        "lightmapTexture": "H:Lcdg;",
        "cameraZoom": "Y:D",
        "renderEndNanoTime": "G:J",
        "updateFogColor": "h(F)V"
      },
      "com/konasclient/konas/client/mixin/mixins/MixinChunkRenderDispatcher": {
        "net/minecraft/client/renderer/OpenGlHelper.useVbo()Z": "Lcii;f()Z",
        "uploadChunk": "Lbxm;a(Lamm;Lbuk;Lbxr;Lbxo;D)Lcom/google/common/util/concurrent/ListenableFuture;"
      },
      "com/konasclient/konas/client/mixin/mixins/MixinParticleManager": {
        "addEffect": "Lbtg;a(Lbtf;)V"
      },
      "com/konasclient/konas/client/mixin/mixins/AccessorSPacketCloseWindow": {
        "windowId": "a:I"
      },
      "com/konasclient/konas/client/mixin/mixins/MixinFontRenderer": {
        "renderString": "Lbip;b(Ljava/lang/String;FFIZ)I",
        "getStringWidth": "Lbip;a(Ljava/lang/String;)I"
      },
      "com/konasclient/konas/client/mixin/mixins/AccessorWorldClient": {
        "visibleChunks": "a:Ljava/util/Set;"
      },
      "com/konasclient/konas/client/mixin/mixins/MixinGuiNewChat": {
        "drawChat": "Lbjb;a(I)V",
        "calculateChatboxHeight": "Lbjb;b(F)I",
        "Lnet/minecraft/client/gui/GuiNewChat;drawRect(IIIII)V": "Lbjb;a(IIIII)V"
      },
      "com/konasclient/konas/client/mixin/mixins/MixinItemRenderer": {
        "Lnet/minecraft/client/entity/AbstractClientPlayer;rotationYaw:F": "Lbua;v:F",
        "updateEquippedItem": "Lbuu;a()V",
        "rotateArm": "Lbuu;c(F)V",
        "transformSideFirstPerson": "Lbuu;b(Lvo;F)V",
        "renderItemInFirstPerson(F)V": "Lbuu;a(F)V",
        "Lnet/minecraft/client/entity/AbstractClientPlayer;prevRotationYaw:F": "Lbua;x:F",
        "Lnet/minecraft/client/entity/AbstractClientPlayer;prevRotationPitch:F": "Lbua;y:F",
        "renderOverlays": "Lbuu;b(F)V",
        "renderFireInFirstPerson": "Lbuu;d()V",
        "setLightmap": "Lbuu;b()V",
        "Lnet/minecraft/client/Minecraft;player:Lnet/minecraft/client/entity/EntityPlayerSP;": "Lbib;h:Lbud;",
        "renderWaterOverlayTexture": "Lbuu;e(F)V",
        "Lnet/minecraft/client/entity/AbstractClientPlayer;rotationPitch:F": "Lbua;w:F"
      },
      "com/konasclient/konas/client/mixin/mixins/MixinEntityRenderer": {
        "hurtCameraEffect": "Lbuq;d(F)V",
        "Lnet/minecraft/client/Minecraft;getRenderViewEntity()Lnet/minecraft/entity/Entity;": "Lbib;aa()Lvg;",
        "renderHand": "Lbuq;b(FI)V",
        "isDrawBlockOutline": "Lbuq;p()Z",
        "Lnet/minecraft/client/renderer/texture/DynamicTexture;updateDynamicTexture()V": "Lcdg;d()V",
        "Lnet/minecraft/client/entity/EntityPlayerSP;turn(FF)V": "Lbud;c(FF)V",
        "setupCameraTransform": "Lbuq;a(FI)V",
        "net/minecraft/client/multiplayer/PlayerControllerMP.getBlockReachDistance()F": "Lbsa;d()F",
        "Lnet/minecraft/client/renderer/EntityRenderer;renderHand:Z": "Lbuq;C:Z",
        "updateCameraAndRender": "Lbuq;a(FJ)V",
        "updateLightmap": "Lbuq;g(F)V",
        "setupFog": "Lbuq;a(IF)V",
        "Lnet/minecraft/client/renderer/ActiveRenderInfo;getBlockStateAtEntityViewpoint(Lnet/minecraft/world/World;Lnet/minecraft/entity/Entity;F)Lnet/minecraft/block/state/IBlockState;": "Lbhv;a(Lamu;Lvg;F)Lawt;",
        "Lnet/minecraft/client/multiplayer/WorldClient;getEntitiesInAABBexcluding(Lnet/minecraft/entity/Entity;Lnet/minecraft/util/math/AxisAlignedBB;Lcom/google/common/base/Predicate;)Ljava/util/List;": "Lbsb;a(Lvg;Lbhb;Lcom/google/common/base/Predicate;)Ljava/util/List;",
        "renderCloudsCheck": "Lbuq;a(Lbuy;FIDDD)V",
        "Lnet/minecraft/client/entity/EntityPlayerSP;isSpectator()Z": "Lbud;y()Z",
        "orientCamera": "Lbuq;f(F)V",
        "getMouseOver": "Lbuq;a(F)V",
        "renderWorldPass": "Lbuq;a(IFJ)V"
      },
      "com/konasclient/konas/client/mixin/mixins/MixinGuiMainMenu": {
        "actionPerformed": "Lblr;a(Lbja;)V",
        "addSingleplayerMultiplayerButtons": "Lblr;b(II)V"
      },
      "com/konasclient/konas/client/mixin/mixins/AccesorMinecraft": {
        "rightClickDelayTimer": "as:I",
        "timer": "Y:Lbih;",
        "session": "af:Lbii;"
      },
      "com/konasclient/konas/client/mixin/mixins/MixinAbstractClientPlayer": {
        "getLocationSkin()Lnet/minecraft/util/ResourceLocation;": "Lbua;m()Lnf;",
        "getLocationCape": "Lbua;q()Lnf;"
      },
      "com/konasclient/konas/client/mixin/mixins/AccessorCPacketAnimation": {
        "hand": "a:Lub;"
      },
      "com/konasclient/konas/client/mixin/mixins/MixinAbstractHorse": {
        "isHorseSaddled": "Laao;dG()Z",
        "canBeSteered": "Laao;cV()Z"
      },
      "com/konasclient/konas/client/mixin/mixins/MixinMapItemRenderer": {
        "renderMap": "Lbis;a(Lbev;Z)V"
      },
      "com/konasclient/konas/client/mixin/mixins/MixinRenderEnderCrystal": {
        "Lnet/minecraft/client/model/ModelBase;render(Lnet/minecraft/entity/Entity;FFFFFF)V": "Lbqf;a(Lvg;FFFFFF)V",
        "doRender(Lnet/minecraft/entity/item/EntityEnderCrystal;DDDFF)V": "Lbzb;a(Labc;DDDFF)V"
      },
      "com/konasclient/konas/client/mixin/mixins/AccessorCPacketCustomPayload": {
        "data": "b:Lgy;"
      },
      "com/konasclient/konas/client/mixin/mixins/MixinGuiBossOverlay": {
        "renderBossHealth": "Lbiz;a()V"
      },
      "com/konasclient/konas/client/mixin/mixins/AccessorTimer": {
        "tickLength": "e:F"
      },
      "com/konasclient/konas/client/mixin/mixins/MixinGameSettings": {
        "setOptionValue": "Lbid;a(Lbid$a;I)V"
      },
      "com/konasclient/konas/client/mixin/mixins/MixinNetHandlerPlayClient": {
        "handleChunkData": "Lbrz;a(Lje;)V",
        "Lnet/minecraft/world/chunk/Chunk;read(Lnet/minecraft/network/PacketBuffer;IZ)V": "Laxw;a(Lgy;IZ)V"
      },
      "com/konasclient/konas/client/mixin/mixins/AccessorCPacketVehicleMove": {
        "y": "b:D"
      },
      "com/konasclient/konas/client/mixin/mixins/MixinRender": {
        "renderShadow": "Lbzg;d(Lvg;DDDFF)V"
      },
      "com/konasclient/konas/client/mixin/mixins/MixinItemFood": {
        "onItemUseFinish": "Laij;a(Laip;Lamu;Lvp;)Laip;",
        "Lnet/minecraft/entity/player/EntityPlayer;addStat(Lnet/minecraft/stats/StatBase;)V": "Laed;b(Lqo;)V"
      }
    },
    "searge": {
      "com/konasclient/konas/client/mixin/mixins/MixinBlockLiquid": {
        "getCollisionBoundingBox": "Lnet/minecraft/block/BlockLiquid;func_180646_a(Lnet/minecraft/block/state/IBlockState;Lnet/minecraft/world/IBlockAccess;Lnet/minecraft/util/math/BlockPos;)Lnet/minecraft/util/math/AxisAlignedBB;",
        "modifyAcceleration": "Lnet/minecraft/block/BlockLiquid;func_176197_a(Lnet/minecraft/world/World;Lnet/minecraft/util/math/BlockPos;Lnet/minecraft/entity/Entity;Lnet/minecraft/util/math/Vec3d;)Lnet/minecraft/util/math/Vec3d;",
        "canCollideCheck": "Lnet/minecraft/block/BlockLiquid;func_176209_a(Lnet/minecraft/block/state/IBlockState;Z)Z"
      },
      "com/konasclient/konas/client/mixin/mixins/MixinEntity": {
        "getCollisionBorderSize": "Lnet/minecraft/entity/Entity;func_70111_Y()F",
        "move": "Lnet/minecraft/entity/Entity;func_70091_d(Lnet/minecraft/entity/MoverType;DDD)V",
        "turn": "Lnet/minecraft/entity/Entity;func_70082_c(FF)V",
        "Lnet/minecraft/entity/Entity;isSneaking()Z": "Lnet/minecraft/entity/Entity;func_70093_af()Z",
        "addVelocity": "Lnet/minecraft/entity/Entity;func_70024_g(DDD)V",
        "Lnet/minecraft/entity/Entity;onGround:Z": "Lnet/minecraft/entity/Entity;field_70122_E:Z"
      },
      "com/konasclient/konas/client/mixin/mixins/AccessorCPacketUpdateSign": {
        "lines": "field_149590_d:[Ljava/lang/String;"
      },
      "com/konasclient/konas/client/mixin/mixins/AccessorCPacketChatMessage": {
        "message": "field_149440_a:Ljava/lang/String;"
      },
      "com/konasclient/konas/client/mixin/mixins/AccessorSPacketPosLook": {
        "pitch": "field_148937_e:F",
        "yaw": "field_148936_d:F"
      },
      "com/konasclient/konas/client/mixin/mixins/IMixinRenderGlobal": {
        "damagedBlocks": "field_72738_E:Ljava/util/Map;"
      },
      "com/konasclient/konas/client/mixin/mixins/AccessorGuiScreen": {
        "buttonList": "field_146292_n:Ljava/util/List;"
      },
      "com/konasclient/konas/client/mixin/mixins/MixinBlockPortal": {
        "randomDisplayTick": "Lnet/minecraft/block/BlockPortal;func_180655_c(Lnet/minecraft/block/state/IBlockState;Lnet/minecraft/world/World;Lnet/minecraft/util/math/BlockPos;Ljava/util/Random;)V",
        "Lnet/minecraft/world/World;spawnParticle(Lnet/minecraft/util/EnumParticleTypes;DDDDDD[I)V": "Lnet/minecraft/world/World;func_175688_a(Lnet/minecraft/util/EnumParticleTypes;DDDDDD[I)V",
        "Lnet/minecraft/world/World;playSound(DDDLnet/minecraft/util/SoundEvent;Lnet/minecraft/util/SoundCategory;FFZ)V": "Lnet/minecraft/world/World;func_184134_a(DDDLnet/minecraft/util/SoundEvent;Lnet/minecraft/util/SoundCategory;FFZ)V",
        "getBoundingBox": "Lnet/minecraft/block/BlockPortal;func_185496_a(Lnet/minecraft/block/state/IBlockState;Lnet/minecraft/world/IBlockAccess;Lnet/minecraft/util/math/BlockPos;)Lnet/minecraft/util/math/AxisAlignedBB;"
      },
      "com/konasclient/konas/client/mixin/mixins/MixinNetworkManager": {
        "sendPacket(Lnet/minecraft/network/Packet;)V": "Lnet/minecraft/network/NetworkManager;func_179290_a(Lnet/minecraft/network/Packet;)V",
        "handleDisconnection": "Lnet/minecraft/network/NetworkManager;func_179293_l()V",
        "setCompressionThreshold": "Lnet/minecraft/network/NetworkManager;func_179289_a(I)V",
        "exceptionCaught": "Lnet/minecraft/network/NetworkManager;exceptionCaught(Lio/netty/channel/ChannelHandlerContext;Ljava/lang/Throwable;)V",
        "channelRead0": "Lnet/minecraft/network/NetworkManager;channelRead0(Lio/netty/channel/ChannelHandlerContext;Lnet/minecraft/network/Packet;)V"
      },
      "com/konasclient/konas/client/mixin/mixins/MixinTileEntityEnchantmentTableRenderer": {
        "render": "Lnet/minecraft/client/renderer/tileentity/TileEntityEnchantmentTableRenderer;func_192841_a(Lnet/minecraft/tileentity/TileEntityEnchantmentTable;DDDFIF)V"
      },
      "com/konasclient/konas/client/mixin/mixins/MixinBlockStateContainerStateImplementation": {
        "addCollisionBoxToList": "Lnet/minecraft/block/state/BlockStateContainer$StateImplementation;func_185908_a(Lnet/minecraft/world/World;Lnet/minecraft/util/math/BlockPos;Lnet/minecraft/util/math/AxisAlignedBB;Ljava/util/List;Lnet/minecraft/entity/Entity;Z)V"
      },
      "com/konasclient/konas/client/mixin/mixins/MixinLayerCape": {
        "doRenderLayer": "Lnet/minecraft/client/renderer/entity/layers/LayerCape;func_177141_a(Lnet/minecraft/client/entity/AbstractClientPlayer;FFFFFFF)V",
        "Lnet/minecraft/client/renderer/entity/RenderPlayer;bindTexture(Lnet/minecraft/util/ResourceLocation;)V": "Lnet/minecraft/client/renderer/entity/RenderPlayer;func_110776_a(Lnet/minecraft/util/ResourceLocation;)V"
      },
      "com/konasclient/konas/client/mixin/mixins/AccessorRenderManager": {
        "renderPosX": "field_78725_b:D",
        "renderPosY": "field_78726_c:D",
        "renderPosZ": "field_78723_d:D"
      },
      "com/konasclient/konas/client/mixin/mixins/MixinGuiIngame": {
        "renderPotionEffects": "Lnet/minecraft/client/gui/GuiIngame;func_184048_a(Lnet/minecraft/client/gui/ScaledResolution;)V",
        "renderGameOverlay": "Lnet/minecraft/client/gui/GuiIngame;func_175180_a(F)V",
        "renderAttackIndicator": "Lnet/minecraft/client/gui/GuiIngame;func_184045_a(FLnet/minecraft/client/gui/ScaledResolution;)V",
        "Lnet/minecraft/client/Minecraft;player:Lnet/minecraft/client/entity/EntityPlayerSP;": "Lnet/minecraft/client/Minecraft;field_71439_g:Lnet/minecraft/client/entity/EntityPlayerSP;"
      },
      "com/konasclient/konas/client/mixin/mixins/MixinNetworkPlayerInfo": {
        "getLocationSkin": "Lnet/minecraft/client/network/NetworkPlayerInfo;func_178837_g()Lnet/minecraft/util/ResourceLocation;"
      },
      "com/konasclient/konas/client/mixin/mixins/MixinNetworkManagerChInit": {
        "net.minecraft.network.NetworkManager$5": "net/minecraft/network/NetworkManager$5"
      },
      "com/konasclient/konas/client/mixin/mixins/AccessorSPacketEntityMetadata": {
        "entityId": "field_149379_a:I"
      },
      "com/konasclient/konas/client/mixin/mixins/MixinTileEntitySignRenderer": {
        "render": "Lnet/minecraft/client/renderer/tileentity/TileEntitySignRenderer;func_192841_a(Lnet/minecraft/tileentity/TileEntitySign;DDDFIF)V"
      },
      "com/konasclient/konas/client/mixin/mixins/MixinVisGraph": {
        "setOpaqueCube": "Lnet/minecraft/client/renderer/chunk/VisGraph;func_178606_a(Lnet/minecraft/util/math/BlockPos;)V"
      },
      "com/konasclient/konas/client/mixin/mixins/AccessorEntityPlayerSP": {
        "lastReportedPitch": "field_175165_bM:F",
        "horseJumpPower": "field_110321_bQ:F",
        "autoJumpEnabled": "field_189811_cr:Z",
        "positionUpdateTicks": "field_175168_bP:I",
        "serverSneakState": "field_175170_bN:Z",
        "serverSprintState": "field_175171_bO:Z",
        "prevOnGround": "field_184841_cd:Z",
        "lastReportedPosY": "field_175166_bJ:D",
        "lastReportedPosZ": "field_175167_bK:D",
        "onUpdateWalkingPlayer": "func_175161_p()V",
        "lastReportedPosX": "field_175172_bI:D",
        "lastReportedYaw": "field_175164_bL:F"
      },
      "com/konasclient/konas/client/mixin/mixins/MixinC00Handshake": {
        "writePacketData": "Lnet/minecraft/network/handshake/client/C00Handshake;func_148840_b(Lnet/minecraft/network/PacketBuffer;)V"
      },
      "com/konasclient/konas/client/mixin/mixins/AccessorGuiTextField": {
        "maxStringLength": "field_146217_k:I",
        "fontRenderer": "field_146211_a:Lnet/minecraft/client/gui/FontRenderer;"
      },
      "com/konasclient/konas/client/mixin/mixins/MixinBlock": {
        "addCollisionBoxToList(Lnet/minecraft/block/state/IBlockState;Lnet/minecraft/world/World;Lnet/minecraft/util/math/BlockPos;Lnet/minecraft/util/math/AxisAlignedBB;Ljava/util/List;Lnet/minecraft/entity/Entity;Z)V": "Lnet/minecraft/block/Block;func_185477_a(Lnet/minecraft/block/state/IBlockState;Lnet/minecraft/world/World;Lnet/minecraft/util/math/BlockPos;Lnet/minecraft/util/math/AxisAlignedBB;Ljava/util/List;Lnet/minecraft/entity/Entity;Z)V"
      },
      "com/konasclient/konas/client/mixin/mixins/AccessorCPacketPlayer": {
        "onGround": "field_149474_g:Z",
        "x": "field_149479_a:D",
        "y": "field_149477_b:D",
        "z": "field_149478_c:D",
        "pitch": "field_149473_f:F",
        "moving": "field_149480_h:Z",
        "yaw": "field_149476_e:F"
      },
      "com/konasclient/konas/client/mixin/mixins/MixinKeyBinding": {
        "pressed": "field_74513_e:Z",
        "isKeyDown": "Lnet/minecraft/client/settings/KeyBinding;func_151470_d()Z"
      },
      "com/konasclient/konas/client/mixin/mixins/MixinTileEntitySkullRenderer": {
        "render": "Lnet/minecraft/client/renderer/tileentity/TileEntityChestRenderer;func_192841_a(Lnet/minecraft/tileentity/TileEntityChest;DDDFIF)V"
      },
      "com/konasclient/konas/client/mixin/mixins/MixinGuiChat": {
        "mouseClicked": "Lnet/minecraft/client/gui/GuiChat;func_73864_a(III)V",
        "drawScreen": "Lnet/minecraft/client/gui/GuiChat;func_73863_a(IIF)V",
        "keyTyped": "Lnet/minecraft/client/gui/GuiChat;func_73869_a(CI)V"
      },
      "com/konasclient/konas/client/mixin/mixins/AccessorInventoryPlayer": {
        "allInventories": "field_184440_g:Ljava/util/List;",
        "mainInventory": "field_70462_a:Lnet/minecraft/util/NonNullList;",
        "armorInventory": "field_70460_b:Lnet/minecraft/util/NonNullList;"
      },
      "com/konasclient/konas/client/mixin/mixins/MixinRenderGlobal": {
        "setupTerrain": "Lnet/minecraft/client/renderer/RenderGlobal;func_174970_a(Lnet/minecraft/entity/Entity;DLnet/minecraft/client/renderer/culling/ICamera;IZ)V",
        "renderSky(FI)V": "Lnet/minecraft/client/renderer/RenderGlobal;func_174976_a(FI)V",
        "Lnet/minecraft/client/multiplayer/WorldClient;getSkyColor(Lnet/minecraft/entity/Entity;F)Lnet/minecraft/util/math/Vec3d;": "Lnet/minecraft/client/multiplayer/WorldClient;func_72833_a(Lnet/minecraft/entity/Entity;F)Lnet/minecraft/util/math/Vec3d;"
      },
      "com/konasclient/konas/client/mixin/mixins/AccessorGuiIngame": {
        "renderHotbar": "func_180479_a(Lnet/minecraft/client/gui/ScaledResolution;F)V",
        "spectatorGui": "field_175197_u:Lnet/minecraft/client/gui/GuiSpectator;"
      },
      "com/konasclient/konas/client/mixin/mixins/AccessorSPacketExplosion": {
        "motionZ": "field_149159_h:F",
        "motionY": "field_149153_g:F",
        "motionX": "field_149152_f:F"
      },
      "com/konasclient/konas/client/mixin/mixins/MixinGuiPlayerTabOverlay": {
        "drawPing": "Lnet/minecraft/client/gui/GuiPlayerTabOverlay;func_175245_a(IIILnet/minecraft/client/network/NetworkPlayerInfo;)V",
        "renderPlayerlist": "Lnet/minecraft/client/gui/GuiPlayerTabOverlay;func_175249_a(ILnet/minecraft/scoreboard/Scoreboard;Lnet/minecraft/scoreboard/ScoreObjective;)V",
        "getPlayerName": "Lnet/minecraft/client/gui/GuiPlayerTabOverlay;func_175243_a(Lnet/minecraft/client/network/NetworkPlayerInfo;)Ljava/lang/String;"
      },
      "com/konasclient/konas/client/mixin/mixins/MixinGuiConnecting": {
        "connect": "Lnet/minecraft/client/multiplayer/GuiConnecting;func_146367_a(Ljava/lang/String;I)V"
      },
      "com/konasclient/konas/client/mixin/mixins/MixinLayerArmorBase": {
        "Lnet/minecraft/client/renderer/GlStateManager;color(FFFF)V": "Lnet/minecraft/client/renderer/GlStateManager;func_179131_c(FFFF)V",
        "renderEnchantedGlint": "Lnet/minecraft/client/renderer/entity/layers/LayerArmorBase;func_188364_a(Lnet/minecraft/client/renderer/entity/RenderLivingBase;Lnet/minecraft/entity/EntityLivingBase;Lnet/minecraft/client/model/ModelBase;FFFFFFF)V",
        "renderArmorLayer": "Lnet/minecraft/client/renderer/entity/layers/LayerArmorBase;func_188361_a(Lnet/minecraft/entity/EntityLivingBase;FFFFFFFLnet/minecraft/inventory/EntityEquipmentSlot;)V"
      },
      "com/konasclient/konas/client/mixin/mixins/MixinChunkRenderContainer": {
        "preRenderChunk": "Lnet/minecraft/client/renderer/ChunkRenderContainer;func_178003_a(Lnet/minecraft/client/renderer/chunk/RenderChunk;)V"
      },
      "com/konasclient/konas/client/mixin/mixins/MixinEntityPlayerSP": {
        "move": "Lnet/minecraft/client/entity/EntityPlayerSP;func_70091_d(Lnet/minecraft/entity/MoverType;DDD)V",
        "setActiveHand": "Lnet/minecraft/client/entity/EntityPlayerSP;func_184598_c(Lnet/minecraft/util/EnumHand;)V",
        "closeScreen": "Lnet/minecraft/client/entity/EntityPlayerSP;func_71053_j()V",
        "Lnet/minecraft/client/entity/AbstractClientPlayer;move(Lnet/minecraft/entity/MoverType;DDD)V": "Lnet/minecraft/client/entity/AbstractClientPlayer;func_70091_d(Lnet/minecraft/entity/MoverType;DDD)V",
        "dismountRidingEntity": "Lnet/minecraft/client/entity/EntityPlayerSP;func_184210_p()V",
        "swingArm": "Lnet/minecraft/client/entity/EntityPlayerSP;func_184609_a(Lnet/minecraft/util/EnumHand;)V",
        "displayGUIChest": "Lnet/minecraft/client/entity/EntityPlayerSP;func_71007_a(Lnet/minecraft/inventory/IInventory;)V",
        "sendChatMessage": "Lnet/minecraft/client/entity/EntityPlayerSP;func_71165_d(Ljava/lang/String;)V",
        "Lnet/minecraft/client/entity/AbstractClientPlayer;onUpdate()V": "Lnet/minecraft/client/entity/AbstractClientPlayer;func_70071_h_()V",
        "pushOutOfBlocks": "Lnet/minecraft/client/entity/EntityPlayerSP;func_145771_j(DDD)Z",
        "Lnet/minecraft/client/entity/AbstractClientPlayer;setActiveHand(Lnet/minecraft/util/EnumHand;)V": "Lnet/minecraft/client/entity/AbstractClientPlayer;func_184598_c(Lnet/minecraft/util/EnumHand;)V",
        "updateEntityActionState": "Lnet/minecraft/client/entity/EntityPlayerSP;func_70626_be()V",
        "onUpdateWalkingPlayer": "Lnet/minecraft/client/entity/EntityPlayerSP;func_175161_p()V",
        "Lnet/minecraft/client/entity/EntityPlayerSP;isCurrentViewEntity()Z": "Lnet/minecraft/client/entity/EntityPlayerSP;func_175160_A()Z",
        "onUpdate": "Lnet/minecraft/client/entity/EntityPlayerSP;func_70071_h_()V"
      },
      "com/konasclient/konas/client/mixin/mixins/MixinBufferBuilder": {
        "isDrawing": "field_179010_r:Z"
      },
      "com/konasclient/konas/client/mixin/mixins/MixinRenderChunk": {
        "setPosition": "Lnet/minecraft/client/renderer/chunk/RenderChunk;func_189562_a(III)V"
      },
      "com/konasclient/konas/client/mixin/mixins/MixinPlayerControllerMP": {
        "resetBlockRemoving": "Lnet/minecraft/client/multiplayer/PlayerControllerMP;func_78767_c()V",
        "clickBlock": "Lnet/minecraft/client/multiplayer/PlayerControllerMP;func_180511_b(Lnet/minecraft/util/math/BlockPos;Lnet/minecraft/util/EnumFacing;)Z",
        "onPlayerDamageBlock(Lnet/minecraft/util/math/BlockPos;Lnet/minecraft/util/EnumFacing;)Z": "Lnet/minecraft/client/multiplayer/PlayerControllerMP;func_180512_c(Lnet/minecraft/util/math/BlockPos;Lnet/minecraft/util/EnumFacing;)Z",
        "processRightClickBlock": "Lnet/minecraft/client/multiplayer/PlayerControllerMP;func_187099_a(Lnet/minecraft/client/entity/EntityPlayerSP;Lnet/minecraft/client/multiplayer/WorldClient;Lnet/minecraft/util/math/BlockPos;Lnet/minecraft/util/EnumFacing;Lnet/minecraft/util/math/Vec3d;Lnet/minecraft/util/EnumHand;)Lnet/minecraft/util/EnumActionResult;",
        "onStoppedUsingItem": "Lnet/minecraft/client/multiplayer/PlayerControllerMP;func_78766_c(Lnet/minecraft/entity/player/EntityPlayer;)V"
      },
      "com/konasclient/konas/client/mixin/mixins/MixinBlockEnchantmentTable": {
        "randomDisplayTick": "Lnet/minecraft/block/BlockEnchantmentTable;func_180655_c(Lnet/minecraft/block/state/IBlockState;Lnet/minecraft/world/World;Lnet/minecraft/util/math/BlockPos;Ljava/util/Random;)V",
        "Lnet/minecraft/world/World;spawnParticle(Lnet/minecraft/util/EnumParticleTypes;DDDDDD[I)V": "Lnet/minecraft/world/World;func_175688_a(Lnet/minecraft/util/EnumParticleTypes;DDDDDD[I)V"
      },
      "com/konasclient/konas/client/mixin/mixins/MixinTileEntityBeacon": {
        "shouldBeamRender": "Lnet/minecraft/tileentity/TileEntityBeacon;func_146002_i()F"
      },
      "com/konasclient/konas/client/mixin/mixins/MixinRenderPlayer": {
        "renderRightArm": "Lnet/minecraft/client/renderer/entity/RenderPlayer;func_177138_b(Lnet/minecraft/client/entity/AbstractClientPlayer;)V",
        "Lnet/minecraft/client/entity/AbstractClientPlayer;isUser()Z": "Lnet/minecraft/client/entity/AbstractClientPlayer;func_175144_cb()Z",
        "doRender": "Lnet/minecraft/client/renderer/entity/RenderPlayer;func_76986_a(Lnet/minecraft/client/entity/AbstractClientPlayer;DDDFF)V",
        "Lnet/minecraft/client/model/ModelPlayer;swingProgress:F": "Lnet/minecraft/client/model/ModelPlayer;field_78095_p:F",
        "renderLeftArm": "Lnet/minecraft/client/renderer/entity/RenderPlayer;func_177139_c(Lnet/minecraft/client/entity/AbstractClientPlayer;)V"
      },
      "com/konasclient/konas/client/mixin/mixins/MixinGuiMultiplayer": {
        "createButtons": "Lnet/minecraft/client/gui/GuiMultiplayer;func_146794_g()V"
      },
      "com/konasclient/konas/client/mixin/mixins/MixinWorldBorder": {
        "contains(Lnet/minecraft/util/math/ChunkPos;)Z": "Lnet/minecraft/world/border/WorldBorder;func_177730_a(Lnet/minecraft/util/math/ChunkPos;)Z",
        "contains(Lnet/minecraft/util/math/BlockPos;)Z": "Lnet/minecraft/world/border/WorldBorder;func_177746_a(Lnet/minecraft/util/math/BlockPos;)Z",
        "contains(Lnet/minecraft/util/math/AxisAlignedBB;)Z": "Lnet/minecraft/world/border/WorldBorder;func_177743_a(Lnet/minecraft/util/math/AxisAlignedBB;)Z"
      },
      "com/konasclient/konas/client/mixin/mixins/AccessorEntity": {
        "isInWeb": "field_70134_J:Z",
        "inPortal": "field_71087_bX:Z"
      },
      "com/konasclient/konas/client/mixin/mixins/AccessorItemTool": {
        "attackDamage": "field_77865_bY:F"
      },
      "com/konasclient/konas/client/mixin/mixins/MixinEntityLlama": {
        "canBeSteered": "Lnet/minecraft/entity/passive/EntityLlama;func_82171_bF()Z"
      },
      "com/konasclient/konas/client/mixin/mixins/AccessorPlayerControllerMP": {
        "curBlockDamageMP": "field_78770_f:F",
        "currentBlock": "field_178895_c:Lnet/minecraft/util/math/BlockPos;",
        "isHittingBlock": "field_78778_j:Z",
        "currentPlayerItem": "field_78777_l:I",
        "blockHitDelay": "field_78781_i:I"
      },
      "com/konasclient/konas/client/mixin/mixins/MixinRenderItem": {
        "Lnet/minecraft/client/renderer/RenderItem;renderModel(Lnet/minecraft/client/renderer/block/model/IBakedModel;I)V": "Lnet/minecraft/client/renderer/RenderItem;func_191965_a(Lnet/minecraft/client/renderer/block/model/IBakedModel;I)V",
        "renderEffect": "Lnet/minecraft/client/renderer/RenderItem;func_191966_a(Lnet/minecraft/client/renderer/block/model/IBakedModel;)V"
      },
      "com/konasclient/konas/client/mixin/mixins/MixinChunkRenderWorker": {
        "freeRenderBuilder": "Lnet/minecraft/client/renderer/chunk/ChunkRenderWorker;func_178473_b(Lnet/minecraft/client/renderer/chunk/ChunkCompileTaskGenerator;)V"
      },
      "com/konasclient/konas/client/mixin/mixins/AccessorGuiMainMenu": {
        "realmsButton": "field_175372_K:Lnet/minecraft/client/gui/GuiButton;"
      },
      "com/konasclient/konas/client/mixin/mixins/MixinMinecraft": {
        "sendClickBlockToController": "Lnet/minecraft/client/Minecraft;func_147115_a(Z)V",
        "init": "Lnet/minecraft/client/Minecraft;func_71384_a()V",
        "runGameLoop": "Lnet/minecraft/client/Minecraft;func_71411_J()V",
        "runTick()V": "Lnet/minecraft/client/Minecraft;func_71407_l()V",
        "middleClickMouse": "Lnet/minecraft/client/Minecraft;func_147112_ai()V",
        "Lnet/minecraft/client/multiplayer/PlayerControllerMP;getIsHittingBlock()Z": "Lnet/minecraft/client/multiplayer/PlayerControllerMP;func_181040_m()Z",
        "Lnet/minecraft/client/gui/toasts/GuiToast;drawToast(Lnet/minecraft/client/gui/ScaledResolution;)V": "Lnet/minecraft/client/gui/toasts/GuiToast;func_191783_a(Lnet/minecraft/client/gui/ScaledResolution;)V",
        "clickMouse": "Lnet/minecraft/client/Minecraft;func_147116_af()V",
        "rightClickMouse": "Lnet/minecraft/client/Minecraft;func_147121_ag()V",
        "displayGuiScreen": "Lnet/minecraft/client/Minecraft;func_147108_a(Lnet/minecraft/client/gui/GuiScreen;)V",
        "Lnet/minecraft/client/entity/EntityPlayerSP;isHandActive()Z": "Lnet/minecraft/client/entity/EntityPlayerSP;func_184587_cr()Z"
      },
      "com/konasclient/konas/client/mixin/mixins/AccessorGui": {
        "zLevel": "field_73735_i:F"
      },
      "com/konasclient/konas/client/mixin/mixins/AccessorSPacketEntityVelocity": {
        "motionZ": "field_149414_d:I",
        "motionY": "field_149416_c:I",
        "motionX": "field_149415_b:I"
      },
      "com/konasclient/konas/client/mixin/mixins/MixinEntityPig": {
        "Lnet/minecraft/entity/passive/EntityPig;setAIMoveSpeed(F)V": "Lnet/minecraft/entity/passive/EntityPig;func_70659_e(F)V",
        "canBeSteered": "Lnet/minecraft/entity/passive/EntityPig;func_82171_bF()Z",
        "travel": "Lnet/minecraft/entity/passive/EntityPig;func_191986_a(FFF)V"
      },
      "com/konasclient/konas/client/mixin/mixins/MixinSkinManager": {
        "loadSkinFromCache": "Lnet/minecraft/client/resources/SkinManager;func_152788_a(Lcom/mojang/authlib/GameProfile;)Ljava/util/Map;"
      },
      "com/konasclient/konas/client/mixin/mixins/MixinRenderLivingBase": {
        "renderName": "Lnet/minecraft/client/renderer/entity/RenderLivingBase;func_177067_a(Lnet/minecraft/entity/EntityLivingBase;DDD)V",
        "renderModel": "Lnet/minecraft/client/renderer/entity/RenderLivingBase;func_77036_a(Lnet/minecraft/entity/EntityLivingBase;FFFFFF)V"
      },
      "com/konasclient/konas/client/mixin/mixins/MixinWorld": {
        "getWorldTime": "Lnet/minecraft/world/World;func_72820_D()J",
        "getRainStrength": "Lnet/minecraft/world/World;func_72867_j(F)F",
        "checkLightFor": "Lnet/minecraft/world/World;func_180500_c(Lnet/minecraft/world/EnumSkyBlock;Lnet/minecraft/util/math/BlockPos;)Z"
      },
      "com/konasclient/konas/client/mixin/mixins/MixinEntityPlayer": {
        "applyEntityCollision": "Lnet/minecraft/entity/player/EntityPlayer;func_70108_f(Lnet/minecraft/entity/Entity;)V",
        "isEntityInsideOpaqueBlock": "Lnet/minecraft/entity/player/EntityPlayer;func_70094_T()Z",
        "isPushedByWater": "Lnet/minecraft/entity/player/EntityPlayer;func_96092_aw()Z"
      },
      "com/konasclient/konas/client/mixin/mixins/AccessorCPacketCloseWindow": {
        "windowId": "field_149556_a:I"
      },
      "com/konasclient/konas/client/mixin/mixins/AccessorCPacketUseEntity": {
        "action": "field_149566_b:Lnet/minecraft/network/play/client/CPacketUseEntity$Action;",
        "entityId": "field_149567_a:I"
      },
      "com/konasclient/konas/client/mixin/mixins/MixinNettyCompressionDecoder": {
        "decode": "Lnet/minecraft/network/NettyCompressionDecoder;decode(Lio/netty/channel/ChannelHandlerContext;Lio/netty/buffer/ByteBuf;Ljava/util/List;)V"
      },
      "com/konasclient/konas/client/mixin/mixins/AccessorGuiShulkerBox": {
        "playerInventory": "field_190780_w:Lnet/minecraft/entity/player/InventoryPlayer;",
        "inventory": "field_190779_v:Lnet/minecraft/inventory/IInventory;"
      },
      "com/konasclient/konas/client/mixin/mixins/MixinGuiScreen": {
        "drawWorldBackground": "Lnet/minecraft/client/gui/GuiScreen;func_146270_b(I)V"
      },
      "com/konasclient/konas/client/mixin/mixins/MixinEntityLivingBase": {
        "getWaterSlowDown": "Lnet/minecraft/entity/EntityLivingBase;func_189749_co()F",
        "Lnet/minecraft/entity/ai/attributes/IAttributeInstance;getAttributeValue()D": "Lnet/minecraft/entity/ai/attributes/IAttributeInstance;func_111126_e()D",
        "handleJumpLava": "Lnet/minecraft/entity/EntityLivingBase;func_180466_bG()V",
        "handleJumpWater": "Lnet/minecraft/entity/EntityLivingBase;func_70629_bd()V",
        "onLivingUpdate": "Lnet/minecraft/entity/EntityLivingBase;func_70636_d()V",
        "onItemPickup": "Lnet/minecraft/entity/EntityLivingBase;func_71001_a(Lnet/minecraft/entity/Entity;I)V",
        "Lnet/minecraft/world/World;isRemote:Z": "Lnet/minecraft/world/World;field_72995_K:Z",
        "travel": "Lnet/minecraft/entity/EntityLivingBase;func_191986_a(FFF)V",
        "jump": "Lnet/minecraft/entity/EntityLivingBase;func_70664_aZ()V"
      },
      "com/konasclient/konas/client/mixin/mixins/MixinRenderManager": {
        "renderEntity": "Lnet/minecraft/client/renderer/entity/RenderManager;func_188391_a(Lnet/minecraft/entity/Entity;DDDFFZ)V"
      },
      "com/konasclient/konas/client/mixin/mixins/AccessorItemRenderer": {
        "prevEquippedProgressOffHand": "field_187472_i:F",
        "equippedProgressMainHand": "field_187469_f:F",
        "itemStackMainHand": "field_187467_d:Lnet/minecraft/item/ItemStack;",
        "prevEquippedProgressMainHand": "field_187470_g:F",
        "equippedProgressOffHand": "field_187471_h:F",
        "itemStackOffHand": "field_187468_e:Lnet/minecraft/item/ItemStack;"
      },
      "com/konasclient/konas/client/mixin/mixins/AccessorEntityLivingBase": {
        "getArmSwingAnimationEnd": "func_82166_i()I"
      },
      "com/konasclient/konas/client/mixin/mixins/MixinBlockRendererDispatcher": {
        "renderBlock": "Lnet/minecraft/client/renderer/BlockRendererDispatcher;func_175018_a(Lnet/minecraft/block/state/IBlockState;Lnet/minecraft/util/math/BlockPos;Lnet/minecraft/world/IBlockAccess;Lnet/minecraft/client/renderer/BufferBuilder;)Z"
      },
      "com/konasclient/konas/client/mixin/mixins/AccessorEntityRenderer": {
        "setupCameraTransform": "func_78479_a(FI)V",
        "getFOVModifier": "func_78481_a(FZ)F",
        "torchFlickerX": "field_78514_e:F",
        "orientCamera": "func_78467_g(F)V",
        "lightmapColors": "field_78504_Q:[I",
        "lightmapTexture": "field_78513_d:Lnet/minecraft/client/renderer/texture/DynamicTexture;",
        "cameraZoom": "field_78503_V:D",
        "renderEndNanoTime": "field_78510_Z:J",
        "updateFogColor": "func_78466_h(F)V"
      },
      "com/konasclient/konas/client/mixin/mixins/MixinChunkRenderDispatcher": {
        "net/minecraft/client/renderer/OpenGlHelper.useVbo()Z": "Lnet/minecraft/client/renderer/OpenGlHelper;func_176075_f()Z",
        "uploadChunk": "Lnet/minecraft/client/renderer/chunk/ChunkRenderDispatcher;func_188245_a(Lnet/minecraft/util/BlockRenderLayer;Lnet/minecraft/client/renderer/BufferBuilder;Lnet/minecraft/client/renderer/chunk/RenderChunk;Lnet/minecraft/client/renderer/chunk/CompiledChunk;D)Lcom/google/common/util/concurrent/ListenableFuture;"
      },
      "com/konasclient/konas/client/mixin/mixins/MixinParticleManager": {
        "addEffect": "Lnet/minecraft/client/particle/ParticleManager;func_78873_a(Lnet/minecraft/client/particle/Particle;)V"
      },
      "com/konasclient/konas/client/mixin/mixins/AccessorSPacketCloseWindow": {
        "windowId": "field_148896_a:I"
      },
      "com/konasclient/konas/client/mixin/mixins/MixinFontRenderer": {
        "renderString": "Lnet/minecraft/client/gui/FontRenderer;func_180455_b(Ljava/lang/String;FFIZ)I",
        "getStringWidth": "Lnet/minecraft/client/gui/FontRenderer;func_78256_a(Ljava/lang/String;)I"
      },
      "com/konasclient/konas/client/mixin/mixins/AccessorWorldClient": {
        "visibleChunks": "field_184157_a:Ljava/util/Set;"
      },
      "com/konasclient/konas/client/mixin/mixins/MixinGuiNewChat": {
        "drawChat": "Lnet/minecraft/client/gui/GuiNewChat;func_146230_a(I)V",
        "calculateChatboxHeight": "Lnet/minecraft/client/gui/GuiNewChat;func_146243_b(F)I",
        "Lnet/minecraft/client/gui/GuiNewChat;drawRect(IIIII)V": "Lnet/minecraft/client/gui/GuiNewChat;func_73734_a(IIIII)V"
      },
      "com/konasclient/konas/client/mixin/mixins/MixinItemRenderer": {
        "Lnet/minecraft/client/entity/AbstractClientPlayer;rotationYaw:F": "Lnet/minecraft/client/entity/AbstractClientPlayer;field_70177_z:F",
        "updateEquippedItem": "Lnet/minecraft/client/renderer/ItemRenderer;func_78441_a()V",
        "rotateArm": "Lnet/minecraft/client/renderer/ItemRenderer;func_187458_c(F)V",
        "transformSideFirstPerson": "Lnet/minecraft/client/renderer/ItemRenderer;func_187459_b(Lnet/minecraft/util/EnumHandSide;F)V",
        "renderItemInFirstPerson(F)V": "Lnet/minecraft/client/renderer/ItemRenderer;func_78440_a(F)V",
        "Lnet/minecraft/client/entity/AbstractClientPlayer;prevRotationYaw:F": "Lnet/minecraft/client/entity/AbstractClientPlayer;field_70126_B:F",
        "Lnet/minecraft/client/entity/AbstractClientPlayer;prevRotationPitch:F": "Lnet/minecraft/client/entity/AbstractClientPlayer;field_70127_C:F",
        "renderOverlays": "Lnet/minecraft/client/renderer/ItemRenderer;func_78447_b(F)V",
        "renderFireInFirstPerson": "Lnet/minecraft/client/renderer/ItemRenderer;func_78442_d()V",
        "setLightmap": "Lnet/minecraft/client/renderer/ItemRenderer;func_187464_b()V",
        "Lnet/minecraft/client/Minecraft;player:Lnet/minecraft/client/entity/EntityPlayerSP;": "Lnet/minecraft/client/Minecraft;field_71439_g:Lnet/minecraft/client/entity/EntityPlayerSP;",
        "renderWaterOverlayTexture": "Lnet/minecraft/client/renderer/ItemRenderer;func_78448_c(F)V",
        "Lnet/minecraft/client/entity/AbstractClientPlayer;rotationPitch:F": "Lnet/minecraft/client/entity/AbstractClientPlayer;field_70125_A:F"
      },
      "com/konasclient/konas/client/mixin/mixins/MixinEntityRenderer": {
        "hurtCameraEffect": "Lnet/minecraft/client/renderer/EntityRenderer;func_78482_e(F)V",
        "Lnet/minecraft/client/Minecraft;getRenderViewEntity()Lnet/minecraft/entity/Entity;": "Lnet/minecraft/client/Minecraft;func_175606_aa()Lnet/minecraft/entity/Entity;",
        "renderHand": "Lnet/minecraft/client/renderer/EntityRenderer;func_78476_b(FI)V",
        "isDrawBlockOutline": "Lnet/minecraft/client/renderer/EntityRenderer;func_175070_n()Z",
        "Lnet/minecraft/client/renderer/texture/DynamicTexture;updateDynamicTexture()V": "Lnet/minecraft/client/renderer/texture/DynamicTexture;func_110564_a()V",
        "Lnet/minecraft/client/entity/EntityPlayerSP;turn(FF)V": "Lnet/minecraft/client/entity/EntityPlayerSP;func_70082_c(FF)V",
        "setupCameraTransform": "Lnet/minecraft/client/renderer/EntityRenderer;func_78479_a(FI)V",
        "net/minecraft/client/multiplayer/PlayerControllerMP.getBlockReachDistance()F": "Lnet/minecraft/client/multiplayer/PlayerControllerMP;func_78757_d()F",
        "Lnet/minecraft/client/renderer/EntityRenderer;renderHand:Z": "Lnet/minecraft/client/renderer/EntityRenderer;field_175074_C:Z",
        "updateCameraAndRender": "Lnet/minecraft/client/renderer/EntityRenderer;func_181560_a(FJ)V",
        "updateLightmap": "Lnet/minecraft/client/renderer/EntityRenderer;func_78472_g(F)V",
        "setupFog": "Lnet/minecraft/client/renderer/EntityRenderer;func_78468_a(IF)V",
        "Lnet/minecraft/client/renderer/ActiveRenderInfo;getBlockStateAtEntityViewpoint(Lnet/minecraft/world/World;Lnet/minecraft/entity/Entity;F)Lnet/minecraft/block/state/IBlockState;": "Lnet/minecraft/client/renderer/ActiveRenderInfo;func_186703_a(Lnet/minecraft/world/World;Lnet/minecraft/entity/Entity;F)Lnet/minecraft/block/state/IBlockState;",
        "Lnet/minecraft/client/multiplayer/WorldClient;getEntitiesInAABBexcluding(Lnet/minecraft/entity/Entity;Lnet/minecraft/util/math/AxisAlignedBB;Lcom/google/common/base/Predicate;)Ljava/util/List;": "Lnet/minecraft/client/multiplayer/WorldClient;func_175674_a(Lnet/minecraft/entity/Entity;Lnet/minecraft/util/math/AxisAlignedBB;Lcom/google/common/base/Predicate;)Ljava/util/List;",
        "renderCloudsCheck": "Lnet/minecraft/client/renderer/EntityRenderer;func_180437_a(Lnet/minecraft/client/renderer/RenderGlobal;FIDDD)V",
        "Lnet/minecraft/client/entity/EntityPlayerSP;isSpectator()Z": "Lnet/minecraft/client/entity/EntityPlayerSP;func_175149_v()Z",
        "orientCamera": "Lnet/minecraft/client/renderer/EntityRenderer;func_78467_g(F)V",
        "getMouseOver": "Lnet/minecraft/client/renderer/EntityRenderer;func_78473_a(F)V",
        "renderWorldPass": "Lnet/minecraft/client/renderer/EntityRenderer;func_175068_a(IFJ)V"
      },
      "com/konasclient/konas/client/mixin/mixins/MixinGuiMainMenu": {
        "actionPerformed": "Lnet/minecraft/client/gui/GuiMainMenu;func_146284_a(Lnet/minecraft/client/gui/GuiButton;)V",
        "addSingleplayerMultiplayerButtons": "Lnet/minecraft/client/gui/GuiMainMenu;func_73969_a(II)V"
      },
      "com/konasclient/konas/client/mixin/mixins/AccesorMinecraft": {
        "rightClickDelayTimer": "field_71467_ac:I",
        "timer": "field_71428_T:Lnet/minecraft/util/Timer;",
        "session": "field_71449_j:Lnet/minecraft/util/Session;"
      },
      "com/konasclient/konas/client/mixin/mixins/MixinAbstractClientPlayer": {
        "getLocationSkin()Lnet/minecraft/util/ResourceLocation;": "Lnet/minecraft/client/entity/AbstractClientPlayer;func_110306_p()Lnet/minecraft/util/ResourceLocation;",
        "getLocationCape": "Lnet/minecraft/client/entity/AbstractClientPlayer;func_110303_q()Lnet/minecraft/util/ResourceLocation;"
      },
      "com/konasclient/konas/client/mixin/mixins/AccessorCPacketAnimation": {
        "hand": "field_187019_a:Lnet/minecraft/util/EnumHand;"
      },
      "com/konasclient/konas/client/mixin/mixins/MixinAbstractHorse": {
        "isHorseSaddled": "Lnet/minecraft/entity/passive/AbstractHorse;func_110257_ck()Z",
        "canBeSteered": "Lnet/minecraft/entity/passive/AbstractHorse;func_82171_bF()Z"
      },
      "com/konasclient/konas/client/mixin/mixins/MixinMapItemRenderer": {
        "renderMap": "Lnet/minecraft/client/gui/MapItemRenderer;func_148250_a(Lnet/minecraft/world/storage/MapData;Z)V"
      },
      "com/konasclient/konas/client/mixin/mixins/MixinRenderEnderCrystal": {
        "Lnet/minecraft/client/model/ModelBase;render(Lnet/minecraft/entity/Entity;FFFFFF)V": "Lnet/minecraft/client/model/ModelBase;func_78088_a(Lnet/minecraft/entity/Entity;FFFFFF)V",
        "doRender(Lnet/minecraft/entity/item/EntityEnderCrystal;DDDFF)V": "Lnet/minecraft/client/renderer/entity/RenderEnderCrystal;func_76986_a(Lnet/minecraft/entity/item/EntityEnderCrystal;DDDFF)V"
      },
      "com/konasclient/konas/client/mixin/mixins/AccessorCPacketCustomPayload": {
        "data": "field_149561_c:Lnet/minecraft/network/PacketBuffer;"
      },
      "com/konasclient/konas/client/mixin/mixins/MixinGuiBossOverlay": {
        "renderBossHealth": "Lnet/minecraft/client/gui/GuiBossOverlay;func_184051_a()V"
      },
      "com/konasclient/konas/client/mixin/mixins/AccessorTimer": {
        "tickLength": "field_194149_e:F"
      },
      "com/konasclient/konas/client/mixin/mixins/MixinGameSettings": {
        "setOptionValue": "Lnet/minecraft/client/settings/GameSettings;func_74306_a(Lnet/minecraft/client/settings/GameSettings$Options;I)V"
      },
      "com/konasclient/konas/client/mixin/mixins/MixinNetHandlerPlayClient": {
        "handleChunkData": "Lnet/minecraft/client/network/NetHandlerPlayClient;func_147263_a(Lnet/minecraft/network/play/server/SPacketChunkData;)V",
        "Lnet/minecraft/world/chunk/Chunk;read(Lnet/minecraft/network/PacketBuffer;IZ)V": "Lnet/minecraft/world/chunk/Chunk;func_186033_a(Lnet/minecraft/network/PacketBuffer;IZ)V"
      },
      "com/konasclient/konas/client/mixin/mixins/AccessorCPacketVehicleMove": {
        "y": "field_187008_b:D"
      },
      "com/konasclient/konas/client/mixin/mixins/MixinRender": {
        "renderShadow": "Lnet/minecraft/client/renderer/entity/Render;func_76975_c(Lnet/minecraft/entity/Entity;DDDFF)V"
      },
      "com/konasclient/konas/client/mixin/mixins/MixinItemFood": {
        "onItemUseFinish": "Lnet/minecraft/item/ItemFood;func_77654_b(Lnet/minecraft/item/ItemStack;Lnet/minecraft/world/World;Lnet/minecraft/entity/EntityLivingBase;)Lnet/minecraft/item/ItemStack;",
        "Lnet/minecraft/entity/player/EntityPlayer;addStat(Lnet/minecraft/stats/StatBase;)V": "Lnet/minecraft/entity/player/EntityPlayer;func_71029_a(Lnet/minecraft/stats/StatBase;)V"
      }
    }
  }
}