{
  "required": true,
  "compatibilityLevel": "JAVA_8",
  "priority": 2147483647,
  "mixinPriority": 2147483647,
  "package": "com.konasclient.konas.client.mixin.mixins",
  "refmap": "mixins.konas.refmap.json",
  "client": [
    "MixinBlockLiquid",
    "MixinEntity",
    "AccessorCPacketUpdateSign",
    "AccessorCPacketChatMessage",
    "AccessorSPacketPosLook",
    "IMixinRenderGlobal",
    "AccessorGuiScreen",
    "MixinBlockPortal",
    "MixinNetworkManager",
    "MixinTileEntityEnchantmentTableRenderer",
    "MixinBlockStateContainerStateImplementation",
    "MixinLayerCape",
    "AccessorRenderManager",
    "MixinGuiIngame",
    "MixinNetworkPlayerInfo",
    "MixinNetworkManagerChInit",
    "AccessorSPacketEntityMetadata",
    "MixinTileEntitySignRenderer",
    "MixinVisGraph",
    "AccessorEntityPlayerSP",
    "MixinC00Handshake",
    "AccessorGuiTextField",
    "MixinBlock",
    "AccessorCPacketPlayer",
    "MixinKeyBinding",
    "MixinTileEntitySkullRenderer",
    "MixinGuiChat",
    "AccessorInventoryPlayer",
    "MixinRenderGlobal",
    "AccessorGuiIngame",
    "AccessorSPacketExplosion",
    "MixinGuiPlayerTabOverlay",
    "MixinGuiConnecting",
    "MixinLayerArmorBase",
    "MixinChunkRenderContainer",
    "MixinEntityPlayerSP",
    "MixinBufferBuilder",
    "MixinRenderChunk",
    "MixinPlayerControllerMP",
    "MixinBlockEnchantmentTable",
    "MixinTileEntityBeacon",
    "MixinRenderPlayer",
    "MixinGuiMultiplayer",
    "MixinWorldBorder",
    "AccessorEntity",
    "AccessorItemTool",
    "MixinEntityLlama",
    "AccessorPlayerControllerMP",
    "MixinRenderItem",
    "MixinChunkRenderWorker",
    "AccessorGuiMainMenu",
    "MixinMinecraft",
    "AccessorGui",
    "AccessorSPacketEntityVelocity",
    "MixinEntityPig",
    "MixinSkinManager",
    "MixinRenderLivingBase",
    "MixinWorld",
    "MixinEntityPlayer",
    "AccessorCPacketCloseWindow",
    "AccessorCPacketUseEntity",
    "MixinNettyCompressionDecoder",
    "AccessorGuiShulkerBox",
    "MixinGuiScreen",
    "MixinEntityLivingBase",
    "MixinRenderManager",
    "AccessorItemRenderer",
    "AccessorEntityLivingBase",
    "MixinBlockRendererDispatcher",
    "AccessorEntityRenderer",
    "MixinChunkRenderDispatcher",
    "MixinParticleManager",
    "AccessorSPacketCloseWindow",
    "MixinFontRenderer",
    "AccessorWorldClient",
    "MixinGuiNewChat",
    "MixinItemRenderer",
    "MixinEntityRenderer",
    "MixinGuiMainMenu",
    "AccesorMinecraft",
    "MixinAbstractClientPlayer",
    "AccessorCPacketAnimation",
    "MixinAbstractHorse",
    "MixinMapItemRenderer",
    "MixinRenderEnderCrystal",
    "AccessorCPacketCustomPayload",
    "MixinGuiBossOverlay",
    "AccessorTimer",
    "MixinGameSettings",
    "MixinNetHandlerPlayClient",
    "AccessorCPacketVehicleMove",
    "MixinRender",
    "MixinItemFood"
  ]
}