{
  "blockstates": {
    "1126": "minecraft:tnt[unstable=false]",
    "3075": "minecraft:oak_sign[rotation=0,waterlogged=true]",
    "3076": "minecraft:oak_sign[rotation=0,waterlogged=false]",
    "3077": "minecraft:oak_sign[rotation=1,waterlogged=true]",
    "3078": "minecraft:oak_sign[rotation=1,waterlogged=false]",
    "3079": "minecraft:oak_sign[rotation=2,waterlogged=true]",
    "3080": "minecraft:oak_sign[rotation=2,waterlogged=false]",
    "3081": "minecraft:oak_sign[rotation=3,waterlogged=true]",
    "3082": "minecraft:oak_sign[rotation=3,waterlogged=false]",
    "3083": "minecraft:oak_sign[rotation=4,waterlogged=true]",
    "3084": "minecraft:oak_sign[rotation=4,waterlogged=false]",
    "3085": "minecraft:oak_sign[rotation=5,waterlogged=true]",
    "3086": "minecraft:oak_sign[rotation=5,waterlogged=false]",
    "3087": "minecraft:oak_sign[rotation=6,waterlogged=true]",
    "3088": "minecraft:oak_sign[rotation=6,waterlogged=false]",
    "3089": "minecraft:oak_sign[rotation=7,waterlogged=true]",
    "3090": "minecraft:oak_sign[rotation=7,waterlogged=false]",
    "3091": "minecraft:oak_sign[rotation=8,waterlogged=true]",
    "3092": "minecraft:oak_sign[rotation=8,waterlogged=false]",
    "3093": "minecraft:oak_sign[rotation=9,waterlogged=true]",
    "3094": "minecraft:oak_sign[rotation=9,waterlogged=false]",
    "3095": "minecraft:oak_sign[rotation=10,waterlogged=true]",
    "3096": "minecraft:oak_sign[rotation=10,waterlogged=false]",
    "3097": "minecraft:oak_sign[rotation=11,waterlogged=true]",
    "3098": "minecraft:oak_sign[rotation=11,waterlogged=false]",
    "3099": "minecraft:oak_sign[rotation=12,waterlogged=true]",
    "3100": "minecraft:oak_sign[rotation=12,waterlogged=false]",
    "3101": "minecraft:oak_sign[rotation=13,waterlogged=true]",
    "3102": "minecraft:oak_sign[rotation=13,waterlogged=false]",
    "3103": "minecraft:oak_sign[rotation=14,waterlogged=true]",
    "3104": "minecraft:oak_sign[rotation=14,waterlogged=false]",
    "3105": "minecraft:oak_sign[rotation=15,waterlogged=true]",
    "3106": "minecraft:oak_sign[rotation=15,waterlogged=false]",
    "3269": "minecraft:oak_wall_sign[facing=north,waterlogged=true]",
    "3270": "minecraft:oak_wall_sign[facing=north,waterlogged=false]",
    "3271": "minecraft:oak_wall_sign[facing=south,waterlogged=true]",
    "3272": "minecraft:oak_wall_sign[facing=south,waterlogged=false]",
    "3273": "minecraft:oak_wall_sign[facing=west,waterlogged=true]",
    "3274": "minecraft:oak_wall_sign[facing=west,waterlogged=false]",
    "3275": "minecraft:oak_wall_sign[facing=east,waterlogged=true]",
    "3276": "minecraft:oak_wall_sign[facing=east,waterlogged=false]",
    "7293": "minecraft:smooth_stone_slab[type=top,waterlogged=true]",
    "7294": "minecraft:smooth_stone_slab[type=top,waterlogged=false]",
    "7295": "minecraft:smooth_stone_slab[type=bottom,waterlogged=true]",
    "7296": "minecraft:smooth_stone_slab[type=bottom,waterlogged=false]",
    "7297": "minecraft:smooth_stone_slab[type=double,waterlogged=true]",
    "7298": "minecraft:smooth_stone_slab[type=double,waterlogged=false]",
    "8459": "minecraft:tube_coral[waterlogged=true]",
    "8460": "minecraft:brain_coral[waterlogged=true]",
    "8461": "minecraft:bubble_coral[waterlogged=true]",
    "8462": "minecraft:fire_coral[waterlogged=true]",
    "8463": "minecraft:horn_coral[waterlogged=true]",
    "8573": "minecraft:conduit[waterlogged=true]"
  },
  "items": {
    "118": "minecraft:smooth_stone_slab",
    "536": "minecraft:oak_sign",
    "573": "minecraft:red_dye",
    "574": "minecraft:green_dye",
    "583": "minecraft:yellow_dye"
  }
}