{
  "blocks": {
    "498": "dirt_path"
  },
  "sounds": {
    "item.sweet_berries.pick_from_bush": "block.sweet_berry_bush.pick_berries"
  },
  "blockstates": {
    "1305": "minecraft:powered_rail[powered=true,shape=north_south,waterlogged=false]",
    "1306": "minecraft:powered_rail[powered=true,shape=east_west,waterlogged=false]",
    "1307": "minecraft:powered_rail[powered=true,shape=ascending_east,waterlogged=false]",
    "1308": "minecraft:powered_rail[powered=true,shape=ascending_west,waterlogged=false]",
    "1309": "minecraft:powered_rail[powered=true,shape=ascending_north,waterlogged=false]",
    "1310": "minecraft:powered_rail[powered=true,shape=ascending_south,waterlogged=false]",
    "1311": "minecraft:powered_rail[powered=false,shape=north_south,waterlogged=false]",
    "1312": "minecraft:powered_rail[powered=false,shape=east_west,waterlogged=false]",
    "1313": "minecraft:powered_rail[powered=false,shape=ascending_east,waterlogged=false]",
    "1314": "minecraft:powered_rail[powered=false,shape=ascending_west,waterlogged=false]",
    "1315": "minecraft:powered_rail[powered=false,shape=ascending_north,waterlogged=false]",
    "1316": "minecraft:powered_rail[powered=false,shape=ascending_south,waterlogged=false]",
    "1317": "minecraft:detector_rail[powered=true,shape=north_south,waterlogged=false]",
    "1318": "minecraft:detector_rail[powered=true,shape=east_west,waterlogged=false]",
    "1319": "minecraft:detector_rail[powered=true,shape=ascending_east,waterlogged=false]",
    "1320": "minecraft:detector_rail[powered=true,shape=ascending_west,waterlogged=false]",
    "1321": "minecraft:detector_rail[powered=true,shape=ascending_north,waterlogged=false]",
    "1322": "minecraft:detector_rail[powered=true,shape=ascending_south,waterlogged=false]",
    "1323": "minecraft:detector_rail[powered=false,shape=north_south,waterlogged=false]",
    "1324": "minecraft:detector_rail[powered=false,shape=east_west,waterlogged=false]",
    "1325": "minecraft:detector_rail[powered=false,shape=ascending_east,waterlogged=false]",
    "1326": "minecraft:detector_rail[powered=false,shape=ascending_west,waterlogged=false]",
    "1327": "minecraft:detector_rail[powered=false,shape=ascending_north,waterlogged=false]",
    "1328": "minecraft:detector_rail[powered=false,shape=ascending_south,waterlogged=false]",
    "3645": "minecraft:rail[shape=north_south,waterlogged=false]",
    "3646": "minecraft:rail[shape=east_west,waterlogged=false]",
    "3647": "minecraft:rail[shape=ascending_east,waterlogged=false]",
    "3648": "minecraft:rail[shape=ascending_west,waterlogged=false]",
    "3649": "minecraft:rail[shape=ascending_north,waterlogged=false]",
    "3650": "minecraft:rail[shape=ascending_south,waterlogged=false]",
    "3651": "minecraft:rail[shape=south_east,waterlogged=false]",
    "3652": "minecraft:rail[shape=south_west,waterlogged=false]",
    "3653": "minecraft:rail[shape=north_west,waterlogged=false]",
    "3654": "minecraft:rail[shape=north_east,waterlogged=false]",
    "6827": "minecraft:activator_rail[powered=true,shape=north_south,waterlogged=false]",
    "6828": "minecraft:activator_rail[powered=true,shape=east_west,waterlogged=false]",
    "6829": "minecraft:activator_rail[powered=true,shape=ascending_east,waterlogged=false]",
    "6830": "minecraft:activator_rail[powered=true,shape=ascending_west,waterlogged=false]",
    "6831": "minecraft:activator_rail[powered=true,shape=ascending_north,waterlogged=false]",
    "6832": "minecraft:activator_rail[powered=true,shape=ascending_south,waterlogged=false]",
    "6833": "minecraft:activator_rail[powered=false,shape=north_south,waterlogged=false]",
    "6834": "minecraft:activator_rail[powered=false,shape=east_west,waterlogged=false]",
    "6835": "minecraft:activator_rail[powered=false,shape=ascending_east,waterlogged=false]",
    "6836": "minecraft:activator_rail[powered=false,shape=ascending_west,waterlogged=false]",
    "6837": "minecraft:activator_rail[powered=false,shape=ascending_north,waterlogged=false]",
    "6838": "minecraft:activator_rail[powered=false,shape=ascending_south,waterlogged=false]",
    "5145": "minecraft:cauldron",
    "5146": "minecraft:water_cauldron[level=1]",
    "5147": "minecraft:water_cauldron[level=2]",
    "5148": "minecraft:water_cauldron[level=3]",
    "9227": "minecraft:dirt_path"
  },
  "items": {
    "372": "minecraft:dirt_path"
  },
  "tags": {
    "block": {
      "minecraft:cauldrons": [
        "minecraft:cauldron"
      ],
      "minecraft:mineable/hoe": [
        "minecraft:nether_wart_block",
        "minecraft:warped_wart_block",
        "minecraft:hay_block",
        "minecraft:dried_kelp_block",
        "minecraft:target",
        "minecraft:shroomlight",
        "minecraft:sponge",
        "minecraft:wet_sponge",
        "minecraft:jungle_leaves",
        "minecraft:oak_leaves",
        "minecraft:spruce_leaves",
        "minecraft:dark_oak_leaves",
        "minecraft:acacia_leaves",
        "minecraft:birch_leaves"
      ],
      "minecraft:mineable/shovel": [
        "minecraft:clay",
        "minecraft:dirt",
        "minecraft:coarse_dirt",
        "minecraft:podzol",
        "minecraft:farmland",
        "minecraft:grass_block",
        "minecraft:gravel",
        "minecraft:mycelium",
        "minecraft:sand",
        "minecraft:red_sand",
        "minecraft:snow_block",
        "minecraft:snow",
        "minecraft:soul_sand",
        "minecraft:dirt_path",
        "minecraft:white_concrete_powder",
        "minecraft:orange_concrete_powder",
        "minecraft:magenta_concrete_powder",
        "minecraft:light_blue_concrete_powder",
        "minecraft:yellow_concrete_powder",
        "minecraft:lime_concrete_powder",
        "minecraft:pink_concrete_powder",
        "minecraft:gray_concrete_powder",
        "minecraft:light_gray_concrete_powder",
        "minecraft:cyan_concrete_powder",
        "minecraft:purple_concrete_powder",
        "minecraft:blue_concrete_powder",
        "minecraft:brown_concrete_powder",
        "minecraft:green_concrete_powder",
        "minecraft:red_concrete_powder",
        "minecraft:black_concrete_powder",
        "minecraft:soul_soil"
      ],
      "minecraft:mineable/axe": [
        "minecraft:note_block",
        "minecraft:attached_melon_stem",
        "minecraft:attached_pumpkin_stem",
        "minecraft:bamboo",
        "minecraft:barrel",
        "minecraft:bee_nest",
        "minecraft:beehive",
        "minecraft:beetroots",
        "minecraft:bookshelf",
        "minecraft:brown_mushroom_block",
        "minecraft:brown_mushroom",
        "minecraft:campfire",
        "minecraft:carrots",
        "minecraft:cartography_table",
        "minecraft:carved_pumpkin",
        "minecraft:chest",
        "minecraft:chorus_flower",
        "minecraft:chorus_plant",
        "minecraft:cocoa",
        "minecraft:composter",
        "minecraft:crafting_table",
        "minecraft:crimson_fungus",
        "minecraft:daylight_detector",
        "minecraft:dead_bush",
        "minecraft:fern",
        "minecraft:fletching_table",
        "minecraft:grass",
        "minecraft:jack_o_lantern",
        "minecraft:jukebox",
        "minecraft:ladder",
        "minecraft:large_fern",
        "minecraft:lectern",
        "minecraft:lily_pad",
        "minecraft:loom",
        "minecraft:melon_stem",
        "minecraft:melon",
        "minecraft:mushroom_stem",
        "minecraft:nether_wart",
        "minecraft:potatoes",
        "minecraft:pumpkin_stem",
        "minecraft:pumpkin",
        "minecraft:red_mushroom_block",
        "minecraft:red_mushroom",
        "minecraft:scaffolding",
        "minecraft:smithing_table",
        "minecraft:soul_campfire",
        "minecraft:sugar_cane",
        "minecraft:sweet_berry_bush",
        "minecraft:tall_grass",
        "minecraft:trapped_chest",
        "minecraft:twisting_vines_plant",
        "minecraft:twisting_vines",
        "minecraft:vine",
        "minecraft:warped_fungus",
        "minecraft:weeping_vines_plant",
        "minecraft:weeping_vines",
        "minecraft:wheat",
        "minecraft:white_banner",
        "minecraft:orange_banner",
        "minecraft:magenta_banner",
        "minecraft:light_blue_banner",
        "minecraft:yellow_banner",
        "minecraft:lime_banner",
        "minecraft:pink_banner",
        "minecraft:gray_banner",
        "minecraft:light_gray_banner",
        "minecraft:cyan_banner",
        "minecraft:purple_banner",
        "minecraft:blue_banner",
        "minecraft:brown_banner",
        "minecraft:green_banner",
        "minecraft:red_banner",
        "minecraft:black_banner",
        "minecraft:white_wall_banner",
        "minecraft:orange_wall_banner",
        "minecraft:magenta_wall_banner",
        "minecraft:light_blue_wall_banner",
        "minecraft:yellow_wall_banner",
        "minecraft:lime_wall_banner",
        "minecraft:pink_wall_banner",
        "minecraft:gray_wall_banner",
        "minecraft:light_gray_wall_banner",
        "minecraft:cyan_wall_banner",
        "minecraft:purple_wall_banner",
        "minecraft:blue_wall_banner",
        "minecraft:brown_wall_banner",
        "minecraft:green_wall_banner",
        "minecraft:red_wall_banner",
        "minecraft:black_wall_banner",
        "minecraft:acacia_fence_gate",
        "minecraft:birch_fence_gate",
        "minecraft:dark_oak_fence_gate",
        "minecraft:jungle_fence_gate",
        "minecraft:oak_fence_gate",
        "minecraft:spruce_fence_gate",
        "minecraft:crimson_fence_gate",
        "minecraft:warped_fence_gate",
        "minecraft:dandelion",
        "minecraft:poppy",
        "minecraft:blue_orchid",
        "minecraft:allium",
        "minecraft:azure_bluet",
        "minecraft:red_tulip",
        "minecraft:orange_tulip",
        "minecraft:white_tulip",
        "minecraft:pink_tulip",
        "minecraft:oxeye_daisy",
        "minecraft:cornflower",
        "minecraft:lily_of_the_valley",
        "minecraft:wither_rose",
        "minecraft:sunflower",
        "minecraft:lilac",
        "minecraft:peony",
        "minecraft:rose_bush",
        "minecraft:dark_oak_log",
        "minecraft:dark_oak_wood",
        "minecraft:stripped_dark_oak_log",
        "minecraft:stripped_dark_oak_wood",
        "minecraft:oak_log",
        "minecraft:oak_wood",
        "minecraft:stripped_oak_log",
        "minecraft:stripped_oak_wood",
        "minecraft:acacia_log",
        "minecraft:acacia_wood",
        "minecraft:stripped_acacia_log",
        "minecraft:stripped_acacia_wood",
        "minecraft:birch_log",
        "minecraft:birch_wood",
        "minecraft:stripped_birch_log",
        "minecraft:stripped_birch_wood",
        "minecraft:jungle_log",
        "minecraft:jungle_wood",
        "minecraft:stripped_jungle_log",
        "minecraft:stripped_jungle_wood",
        "minecraft:spruce_log",
        "minecraft:spruce_wood",
        "minecraft:stripped_spruce_log",
        "minecraft:stripped_spruce_wood",
        "minecraft:crimson_stem",
        "minecraft:stripped_crimson_stem",
        "minecraft:crimson_hyphae",
        "minecraft:stripped_crimson_hyphae",
        "minecraft:warped_stem",
        "minecraft:stripped_warped_stem",
        "minecraft:warped_hyphae",
        "minecraft:stripped_warped_hyphae",
        "minecraft:oak_planks",
        "minecraft:spruce_planks",
        "minecraft:birch_planks",
        "minecraft:jungle_planks",
        "minecraft:acacia_planks",
        "minecraft:dark_oak_planks",
        "minecraft:crimson_planks",
        "minecraft:warped_planks",
        "minecraft:oak_sapling",
        "minecraft:spruce_sapling",
        "minecraft:birch_sapling",
        "minecraft:jungle_sapling",
        "minecraft:acacia_sapling",
        "minecraft:dark_oak_sapling",
        "minecraft:oak_sign",
        "minecraft:spruce_sign",
        "minecraft:birch_sign",
        "minecraft:acacia_sign",
        "minecraft:jungle_sign",
        "minecraft:dark_oak_sign",
        "minecraft:crimson_sign",
        "minecraft:warped_sign",
        "minecraft:oak_wall_sign",
        "minecraft:spruce_wall_sign",
        "minecraft:birch_wall_sign",
        "minecraft:acacia_wall_sign",
        "minecraft:jungle_wall_sign",
        "minecraft:dark_oak_wall_sign",
        "minecraft:crimson_wall_sign",
        "minecraft:warped_wall_sign",
        "minecraft:oak_button",
        "minecraft:spruce_button",
        "minecraft:birch_button",
        "minecraft:jungle_button",
        "minecraft:acacia_button",
        "minecraft:dark_oak_button",
        "minecraft:crimson_button",
        "minecraft:warped_button",
        "minecraft:oak_door",
        "minecraft:spruce_door",
        "minecraft:birch_door",
        "minecraft:jungle_door",
        "minecraft:acacia_door",
        "minecraft:dark_oak_door",
        "minecraft:crimson_door",
        "minecraft:warped_door",
        "minecraft:oak_fence",
        "minecraft:acacia_fence",
        "minecraft:dark_oak_fence",
        "minecraft:spruce_fence",
        "minecraft:birch_fence",
        "minecraft:jungle_fence",
        "minecraft:crimson_fence",
        "minecraft:warped_fence",
        "minecraft:oak_pressure_plate",
        "minecraft:spruce_pressure_plate",
        "minecraft:birch_pressure_plate",
        "minecraft:jungle_pressure_plate",
        "minecraft:acacia_pressure_plate",
        "minecraft:dark_oak_pressure_plate",
        "minecraft:crimson_pressure_plate",
        "minecraft:warped_pressure_plate",
        "minecraft:oak_slab",
        "minecraft:spruce_slab",
        "minecraft:birch_slab",
        "minecraft:jungle_slab",
        "minecraft:acacia_slab",
        "minecraft:dark_oak_slab",
        "minecraft:crimson_slab",
        "minecraft:warped_slab",
        "minecraft:oak_stairs",
        "minecraft:spruce_stairs",
        "minecraft:birch_stairs",
        "minecraft:jungle_stairs",
        "minecraft:acacia_stairs",
        "minecraft:dark_oak_stairs",
        "minecraft:crimson_stairs",
        "minecraft:warped_stairs",
        "minecraft:acacia_trapdoor",
        "minecraft:birch_trapdoor",
        "minecraft:dark_oak_trapdoor",
        "minecraft:jungle_trapdoor",
        "minecraft:oak_trapdoor",
        "minecraft:spruce_trapdoor",
        "minecraft:crimson_trapdoor",
        "minecraft:warped_trapdoor"
      ],
      "minecraft:mineable/pickaxe": [
        "minecraft:stone",
        "minecraft:granite",
        "minecraft:polished_granite",
        "minecraft:diorite",
        "minecraft:polished_diorite",
        "minecraft:andesite",
        "minecraft:polished_andesite",
        "minecraft:cobblestone",
        "minecraft:gold_ore",
        "minecraft:iron_ore",
        "minecraft:coal_ore",
        "minecraft:nether_gold_ore",
        "minecraft:lapis_ore",
        "minecraft:lapis_block",
        "minecraft:dispenser",
        "minecraft:sandstone",
        "minecraft:chiseled_sandstone",
        "minecraft:cut_sandstone",
        "minecraft:gold_block",
        "minecraft:iron_block",
        "minecraft:bricks",
        "minecraft:mossy_cobblestone",
        "minecraft:obsidian",
        "minecraft:spawner",
        "minecraft:diamond_ore",
        "minecraft:diamond_block",
        "minecraft:furnace",
        "minecraft:cobblestone_stairs",
        "minecraft:stone_pressure_plate",
        "minecraft:iron_door",
        "minecraft:redstone_ore",
        "minecraft:netherrack",
        "minecraft:basalt",
        "minecraft:polished_basalt",
        "minecraft:stone_bricks",
        "minecraft:mossy_stone_bricks",
        "minecraft:cracked_stone_bricks",
        "minecraft:chiseled_stone_bricks",
        "minecraft:iron_bars",
        "minecraft:chain",
        "minecraft:brick_stairs",
        "minecraft:stone_brick_stairs",
        "minecraft:nether_bricks",
        "minecraft:nether_brick_fence",
        "minecraft:nether_brick_stairs",
        "minecraft:enchanting_table",
        "minecraft:brewing_stand",
        "minecraft:end_stone",
        "minecraft:sandstone_stairs",
        "minecraft:emerald_ore",
        "minecraft:ender_chest",
        "minecraft:emerald_block",
        "minecraft:light_weighted_pressure_plate",
        "minecraft:heavy_weighted_pressure_plate",
        "minecraft:redstone_block",
        "minecraft:nether_quartz_ore",
        "minecraft:hopper",
        "minecraft:quartz_block",
        "minecraft:chiseled_quartz_block",
        "minecraft:quartz_pillar",
        "minecraft:quartz_stairs",
        "minecraft:dropper",
        "minecraft:white_terracotta",
        "minecraft:orange_terracotta",
        "minecraft:magenta_terracotta",
        "minecraft:light_blue_terracotta",
        "minecraft:yellow_terracotta",
        "minecraft:lime_terracotta",
        "minecraft:pink_terracotta",
        "minecraft:gray_terracotta",
        "minecraft:light_gray_terracotta",
        "minecraft:cyan_terracotta",
        "minecraft:purple_terracotta",
        "minecraft:blue_terracotta",
        "minecraft:brown_terracotta",
        "minecraft:green_terracotta",
        "minecraft:red_terracotta",
        "minecraft:black_terracotta",
        "minecraft:iron_trapdoor",
        "minecraft:prismarine",
        "minecraft:prismarine_bricks",
        "minecraft:dark_prismarine",
        "minecraft:prismarine_stairs",
        "minecraft:prismarine_brick_stairs",
        "minecraft:dark_prismarine_stairs",
        "minecraft:prismarine_slab",
        "minecraft:prismarine_brick_slab",
        "minecraft:dark_prismarine_slab",
        "minecraft:terracotta",
        "minecraft:coal_block",
        "minecraft:red_sandstone",
        "minecraft:chiseled_red_sandstone",
        "minecraft:cut_red_sandstone",
        "minecraft:red_sandstone_stairs",
        "minecraft:stone_slab",
        "minecraft:smooth_stone_slab",
        "minecraft:sandstone_slab",
        "minecraft:cut_sandstone_slab",
        "minecraft:petrified_oak_slab",
        "minecraft:cobblestone_slab",
        "minecraft:brick_slab",
        "minecraft:stone_brick_slab",
        "minecraft:nether_brick_slab",
        "minecraft:quartz_slab",
        "minecraft:red_sandstone_slab",
        "minecraft:cut_red_sandstone_slab",
        "minecraft:purpur_slab",
        "minecraft:smooth_stone",
        "minecraft:smooth_sandstone",
        "minecraft:smooth_quartz",
        "minecraft:smooth_red_sandstone",
        "minecraft:purpur_block",
        "minecraft:purpur_pillar",
        "minecraft:purpur_stairs",
        "minecraft:end_stone_bricks",
        "minecraft:magma_block",
        "minecraft:red_nether_bricks",
        "minecraft:bone_block",
        "minecraft:observer",
        "minecraft:white_glazed_terracotta",
        "minecraft:orange_glazed_terracotta",
        "minecraft:magenta_glazed_terracotta",
        "minecraft:light_blue_glazed_terracotta",
        "minecraft:yellow_glazed_terracotta",
        "minecraft:lime_glazed_terracotta",
        "minecraft:pink_glazed_terracotta",
        "minecraft:gray_glazed_terracotta",
        "minecraft:light_gray_glazed_terracotta",
        "minecraft:cyan_glazed_terracotta",
        "minecraft:purple_glazed_terracotta",
        "minecraft:blue_glazed_terracotta",
        "minecraft:brown_glazed_terracotta",
        "minecraft:green_glazed_terracotta",
        "minecraft:red_glazed_terracotta",
        "minecraft:black_glazed_terracotta",
        "minecraft:white_concrete",
        "minecraft:orange_concrete",
        "minecraft:magenta_concrete",
        "minecraft:light_blue_concrete",
        "minecraft:yellow_concrete",
        "minecraft:lime_concrete",
        "minecraft:pink_concrete",
        "minecraft:gray_concrete",
        "minecraft:light_gray_concrete",
        "minecraft:cyan_concrete",
        "minecraft:purple_concrete",
        "minecraft:blue_concrete",
        "minecraft:brown_concrete",
        "minecraft:green_concrete",
        "minecraft:red_concrete",
        "minecraft:black_concrete",
        "minecraft:dead_tube_coral_block",
        "minecraft:dead_brain_coral_block",
        "minecraft:dead_bubble_coral_block",
        "minecraft:dead_fire_coral_block",
        "minecraft:dead_horn_coral_block",
        "minecraft:tube_coral_block",
        "minecraft:brain_coral_block",
        "minecraft:bubble_coral_block",
        "minecraft:fire_coral_block",
        "minecraft:horn_coral_block",
        "minecraft:dead_tube_coral",
        "minecraft:dead_brain_coral",
        "minecraft:dead_bubble_coral",
        "minecraft:dead_fire_coral",
        "minecraft:dead_horn_coral",
        "minecraft:dead_tube_coral_fan",
        "minecraft:dead_brain_coral_fan",
        "minecraft:dead_bubble_coral_fan",
        "minecraft:dead_fire_coral_fan",
        "minecraft:dead_horn_coral_fan",
        "minecraft:dead_tube_coral_wall_fan",
        "minecraft:dead_brain_coral_wall_fan",
        "minecraft:dead_bubble_coral_wall_fan",
        "minecraft:dead_fire_coral_wall_fan",
        "minecraft:dead_horn_coral_wall_fan",
        "minecraft:polished_granite_stairs",
        "minecraft:smooth_red_sandstone_stairs",
        "minecraft:mossy_stone_brick_stairs",
        "minecraft:polished_diorite_stairs",
        "minecraft:mossy_cobblestone_stairs",
        "minecraft:end_stone_brick_stairs",
        "minecraft:stone_stairs",
        "minecraft:smooth_sandstone_stairs",
        "minecraft:smooth_quartz_stairs",
        "minecraft:granite_stairs",
        "minecraft:andesite_stairs",
        "minecraft:red_nether_brick_stairs",
        "minecraft:polished_andesite_stairs",
        "minecraft:diorite_stairs",
        "minecraft:polished_granite_slab",
        "minecraft:smooth_red_sandstone_slab",
        "minecraft:mossy_stone_brick_slab",
        "minecraft:polished_diorite_slab",
        "minecraft:mossy_cobblestone_slab",
        "minecraft:end_stone_brick_slab",
        "minecraft:smooth_sandstone_slab",
        "minecraft:smooth_quartz_slab",
        "minecraft:granite_slab",
        "minecraft:andesite_slab",
        "minecraft:red_nether_brick_slab",
        "minecraft:polished_andesite_slab",
        "minecraft:diorite_slab",
        "minecraft:smoker",
        "minecraft:blast_furnace",
        "minecraft:grindstone",
        "minecraft:stonecutter",
        "minecraft:bell",
        "minecraft:lantern",
        "minecraft:soul_lantern",
        "minecraft:warped_nylium",
        "minecraft:crimson_nylium",
        "minecraft:netherite_block",
        "minecraft:ancient_debris",
        "minecraft:crying_obsidian",
        "minecraft:respawn_anchor",
        "minecraft:lodestone",
        "minecraft:blackstone",
        "minecraft:blackstone_stairs",
        "minecraft:blackstone_slab",
        "minecraft:polished_blackstone",
        "minecraft:polished_blackstone_bricks",
        "minecraft:cracked_polished_blackstone_bricks",
        "minecraft:chiseled_polished_blackstone",
        "minecraft:polished_blackstone_brick_slab",
        "minecraft:polished_blackstone_brick_stairs",
        "minecraft:gilded_blackstone",
        "minecraft:polished_blackstone_stairs",
        "minecraft:polished_blackstone_slab",
        "minecraft:polished_blackstone_pressure_plate",
        "minecraft:chiseled_nether_bricks",
        "minecraft:cracked_nether_bricks",
        "minecraft:quartz_bricks",
        "minecraft:ice",
        "minecraft:packed_ice",
        "minecraft:blue_ice",
        "minecraft:stone_button",
        "minecraft:piston",
        "minecraft:sticky_piston",
        "minecraft:piston_head",
        "minecraft:infested_cobblestone",
        "minecraft:infested_chiseled_stone_bricks",
        "minecraft:infested_cracked_stone_bricks",
        "minecraft:infested_stone",
        "minecraft:infested_mossy_stone_bricks",
        "minecraft:infested_stone_bricks",
        "minecraft:cobblestone_wall",
        "minecraft:mossy_cobblestone_wall",
        "minecraft:brick_wall",
        "minecraft:prismarine_wall",
        "minecraft:red_sandstone_wall",
        "minecraft:mossy_stone_brick_wall",
        "minecraft:granite_wall",
        "minecraft:stone_brick_wall",
        "minecraft:nether_brick_wall",
        "minecraft:andesite_wall",
        "minecraft:red_nether_brick_wall",
        "minecraft:sandstone_wall",
        "minecraft:end_stone_brick_wall",
        "minecraft:diorite_wall",
        "minecraft:blackstone_wall",
        "minecraft:polished_blackstone_brick_wall",
        "minecraft:polished_blackstone_wall",
        "minecraft:shulker_box",
        "minecraft:black_shulker_box",
        "minecraft:blue_shulker_box",
        "minecraft:brown_shulker_box",
        "minecraft:cyan_shulker_box",
        "minecraft:gray_shulker_box",
        "minecraft:green_shulker_box",
        "minecraft:light_blue_shulker_box",
        "minecraft:light_gray_shulker_box",
        "minecraft:lime_shulker_box",
        "minecraft:magenta_shulker_box",
        "minecraft:orange_shulker_box",
        "minecraft:pink_shulker_box",
        "minecraft:purple_shulker_box",
        "minecraft:red_shulker_box",
        "minecraft:white_shulker_box",
        "minecraft:yellow_shulker_box",
        "minecraft:anvil",
        "minecraft:chipped_anvil",
        "minecraft:damaged_anvil",
        "minecraft:cauldron",
        "minecraft:rail",
        "minecraft:powered_rail",
        "minecraft:detector_rail",
        "minecraft:activator_rail"
      ],
      "minecraft:needs_diamond_tool": [
        "minecraft:obsidian",
        "minecraft:crying_obsidian",
        "minecraft:netherite_block",
        "minecraft:respawn_anchor",
        "minecraft:ancient_debris"
      ],
      "minecraft:needs_iron_tool": [
        "minecraft:diamond_block",
        "minecraft:diamond_ore",
        "minecraft:emerald_ore",
        "minecraft:emerald_block",
        "minecraft:gold_block",
        "minecraft:gold_ore",
        "minecraft:redstone_ore"
      ],
      "minecraft:needs_stone_tool": [
        "minecraft:iron_block",
        "minecraft:iron_ore",
        "minecraft:lapis_block",
        "minecraft:lapis_ore"
      ]
    }
  }
}